version 2
run General-0-20250707-23:11:58-13296
attr configname General
attr datetime 20250707-23:11:58
attr experiment General
attr inifile omnetpp.ini
attr iterationvars ""
attr iterationvarsf ""
attr measurement ""
attr network RSUExampleScenario
attr processid 13296
attr repetition 0
attr replication #0
attr resultdir results
attr runnumber 0
attr seedset 0
param *.playgroundSizeX 5000m
param *.playgroundSizeY 5000m
param *.playgroundSizeZ 50m
param *.annotations.draw true
param *.obstacles.obstacles "xmldoc(\"config.xml\", \"//AnalogueModel[@type='SimpleObstacleShadowing']/obstacles\")"
param *.manager.updateInterval 1s
param *.manager.host "\"localhost\""
param *.manager.port 9999
param *.manager.autoShutdown true
param *.manager.launchConfig "xmldoc(\"erlangen.launchd.xml\")"
param *.manager.trafficLightModuleType "\"org.car2x.veins.nodes.TrafficLight\""
param *.tls[*].mobility.x 0
param *.tls[*].mobility.y 0
param *.tls[*].mobility.z 3
param *.tls[*].applType "\"org.car2x.veins.modules.application.traci.TraCIDemoTrafficLightApp\""
param *.tls[*].logicType "\"org.car2x.veins.modules.world.traci.trafficLight.logics.TraCITrafficLightSimpleLogic\""
param *.rsu[0].mobility.x 1000
param *.rsu[0].mobility.y 1000
param *.rsu[0].mobility.z 3
param *.rsu[*].applType "\"RSUControlApp\""
param *.rsu[*].appl.headerLength "80 bit"
param *.rsu[*].appl.sendBeacons false
param *.rsu[*].appl.dataOnSch false
param *.rsu[*].appl.beaconInterval 1s
param *.rsu[*].appl.beaconUserPriority 7
param *.rsu[*].appl.dataUserPriority 5
param *.rsu[*].appl.netFile "\"./erlangen.net.xml\""
param *.rsu[*].appl.routeFile "\"./erlangen.rou.xml\""
param *.rsu[*].nic.phy80211p.antennaOffsetZ "0 m"
param *.connectionManager.sendDirect true
param *.connectionManager.maxInterfDist 4000m
param *.connectionManager.drawMaxIntfDist false
param *.**.nic.mac1609_4.useServiceChannel false
param *.**.nic.mac1609_4.txPower 50mW
param *.**.nic.mac1609_4.bitrate 6Mbps
param *.**.nic.phy80211p.minPowerLevel -110dBm
param *.**.nic.phy80211p.useNoiseFloor true
param *.**.nic.phy80211p.noiseFloor -98dBm
param *.**.nic.phy80211p.decider "xmldoc(\"config.xml\")"
param *.**.nic.phy80211p.analogueModels "xmldoc(\"config.xml\")"
param *.**.nic.phy80211p.usePropagationDelay true
param *.**.nic.phy80211p.antenna "xmldoc(\"antenna.xml\", \"/root/Antenna[@id='monopole']\")"
param *.node[*].nic.phy80211p.antennaOffsetY "0 m"
param *.node[*].nic.phy80211p.antennaOffsetZ "1.895 m"
param *.node[*].applType "\"VehicleControlApp\""
param *.node[*].appl.headerLength "80 bit"
param *.node[*].appl.sendBeacons true
param *.node[*].appl.dataOnSch false
param *.node[*].appl.beaconInterval 1s
param *.node[*].veinsmobility.x 0
param *.node[*].veinsmobility.y 0
param *.node[*].veinsmobility.z 0
param *.node[*].veinsmobility.setHostSpeed false
param *.node[*0].veinsmobility.accidentCount 1
param *.node[*0].veinsmobility.accidentStart 73s
param *.node[*0].veinsmobility.accidentDuration 50s

vector 0 RSUExampleScenario.node[0].veinsmobility posx ETV
vector 1 RSUExampleScenario.node[0].veinsmobility posy ETV
vector 2 RSUExampleScenario.node[1].veinsmobility posx ETV
vector 3 RSUExampleScenario.node[1].veinsmobility posy ETV
vector 4 RSUExampleScenario.node[2].veinsmobility posx ETV
vector 5 RSUExampleScenario.node[2].veinsmobility posy ETV
vector 6 RSUExampleScenario.node[3].veinsmobility posx ETV
vector 7 RSUExampleScenario.node[3].veinsmobility posy ETV
vector 8 RSUExampleScenario.node[4].veinsmobility posx ETV
vector 9 RSUExampleScenario.node[4].veinsmobility posy ETV
vector 10 RSUExampleScenario.node[5].veinsmobility posx ETV
vector 11 RSUExampleScenario.node[5].veinsmobility posy ETV
vector 12 RSUExampleScenario.node[6].veinsmobility posx ETV
vector 13 RSUExampleScenario.node[6].veinsmobility posy ETV
vector 14 RSUExampleScenario.node[7].veinsmobility posx ETV
vector 15 RSUExampleScenario.node[7].veinsmobility posy ETV
vector 16 RSUExampleScenario.node[0].veinsmobility speed ETV
vector 17 RSUExampleScenario.node[1].veinsmobility speed ETV
vector 18 RSUExampleScenario.node[2].veinsmobility speed ETV
vector 19 RSUExampleScenario.node[3].veinsmobility speed ETV
vector 20 RSUExampleScenario.node[4].veinsmobility speed ETV
vector 21 RSUExampleScenario.node[5].veinsmobility speed ETV
vector 22 RSUExampleScenario.node[6].veinsmobility speed ETV
vector 23 RSUExampleScenario.node[7].veinsmobility speed ETV
vector 24 RSUExampleScenario.node[0].veinsmobility acceleration ETV
vector 25 RSUExampleScenario.node[0].veinsmobility co2emission ETV
vector 26 RSUExampleScenario.node[1].veinsmobility acceleration ETV
vector 27 RSUExampleScenario.node[1].veinsmobility co2emission ETV
vector 28 RSUExampleScenario.node[2].veinsmobility acceleration ETV
vector 29 RSUExampleScenario.node[2].veinsmobility co2emission ETV
vector 30 RSUExampleScenario.node[3].veinsmobility acceleration ETV
vector 31 RSUExampleScenario.node[3].veinsmobility co2emission ETV
vector 32 RSUExampleScenario.node[4].veinsmobility acceleration ETV
vector 33 RSUExampleScenario.node[4].veinsmobility co2emission ETV
vector 34 RSUExampleScenario.node[5].veinsmobility acceleration ETV
vector 35 RSUExampleScenario.node[5].veinsmobility co2emission ETV
vector 36 RSUExampleScenario.node[6].veinsmobility acceleration ETV
vector 37 RSUExampleScenario.node[6].veinsmobility co2emission ETV
vector 38 RSUExampleScenario.node[7].veinsmobility acceleration ETV
vector 39 RSUExampleScenario.node[7].veinsmobility co2emission ETV
27	1350	3	4.081910520378
27	1431	4	5.1772609445905
27	3506	5	6.0671505023303
27	4228	6	7.4316090443457
27	4746	7	0.973
27	4827	8	0.973
27	5344	9	3.4850161762657
27	6762	10	5.2529542548667
27	8047	11	6.8624284617762
27	8128	12	3.8316648722477
27	8645	13	8.2072906070569
27	8726	14	5.2110017708633
27	10680	15	1.7210886590848
27	11532	16	2.4591910945075
27	12051	17	2.075556458006
27	12132	18	1.7214673997653
27	12651	19	2.3949724349028
27	14087	20	1.8977732797151
27	15249	21	2.1661903471448
27	15330	22	0.973
27	15848	23	0.973
27	15929	24	0.973
27	17801	25	6.6145766743712
27	18590	26	7.1803040496052
27	19109	27	8.6958925416569
27	19190	28	5.7363368816914
27	19710	29	2.0311770924166
27	21219	30	1.7470463711084
27	22536	31	2.4024288520756
27	22617	32	1.8209917719957
27	23140	33	2.4461501667791
27	23221	34	1.7524648958856
27	25102	35	2.2791479728493
27	26041	36	1.9128706065757
27	26565	37	2.3019760974385
27	26646	38	0.973
27	27170	39	0.973
27	28748	40	5.939239971088
27	30195	41	6.830191401562
27	30276	42	7.9088243340171
27	30801	43	8.2782163879755
27	30882	44	3.7735899317044
27	32981	45	2.2345307222137
27	33929	46	1.856137091866
27	34458	47	2.5494437139281
27	34539	48	1.8157137889853
27	35069	49	2.1092507594712
27	36657	50	1.9691569889148
27	38123	51	2.099711267032
27	38204	52	2.0872174467307
27	38733	53	2.0195072886207
27	38814	54	2.4785520311535
27	40847	55	2.1379382122972
27	41733	56	1.8624689893163
26	1350	3	1.8439618778601
26	1431	4	1.9112101688259
26	3506	5	1.8681900942721
26	4228	6	1.9791416809475
26	4746	7	-0.79149185145701
26	4827	8	-4.5
26	5344	9	1.0843762650294
26	6762	10	1.639472191243
26	8047	11	1.9052892249194
26	8128	12	0.70417226798095
26	8645	13	1.8817599875084
26	8726	14	0.88714982723007
26	10680	15	-0.10488251803676
26	11532	16	0.103079991173
26	12051	17	-0.0060690236906513
26	12132	18	-0.10459760175319
26	12651	19	0.085686369559262
26	14087	20	-0.05479284494184
26	15249	21	0.021438771279064
26	15330	22	-2.4229260486017
26	15848	23	-4.5
26	15929	24	-0.24
26	17801	25	2.1678474614001
26	18590	26	1.9484353663516
26	19109	27	2.0590475295531
26	19190	28	1.0378512552802
26	19710	29	-0.018133320889902
26	21219	30	-0.096955233470069
26	22536	31	0.088180660142097
26	22617	32	-0.076008767343591
26	23140	33	0.099782083020544
26	23221	34	-0.095783511877526
26	25102	35	0.053591429519003
26	26041	36	-0.049832866052165
26	26565	37	0.059776949018705
26	26646	38	-4.4255151027086
26	27170	39	-4.4703894651163
26	28748	40	2.3043320161686
26	30195	41	2.1233014998492
26	30276	42	2.0712876193272
26	30801	43	1.8536441799672
26	30882	44	0.48419719312685
26	32981	45	0.041098939720541
26	33929	46	-0.065500879345928
26	34458	47	0.12873300093925
26	34539	48	-0.07838577799499
26	35069	49	0.0055406759679322
26	36657	50	-0.033634732966311
26	38123	51	0.003726838624571
26	38204	52	0.00013718273490504
26	38733	53	-0.018747543967327
26	38814	54	0.10900136993965
26	40847	55	0.011499522200319
26	41733	56	-0.065307912142016
17	830	2	4.148373576156
17	1350	3	5.9923354540161
17	1431	4	7.9035456228421
17	3506	5	9.7717357171142
17	4228	6	11.750877398062
17	4746	7	10.959385546605
17	4827	8	6.4593855466047
17	5344	9	7.5437618116341
17	6762	10	9.1832340028771
17	8047	11	11.088523227796
17	8128	12	11.792695495777
17	8645	13	13.674455483286
17	8726	14	14.561605310516
17	10680	15	14.456722792479
17	11532	16	14.559802783652
17	12051	17	14.553733759961
17	12132	18	14.449136158208
17	12651	19	14.534822527768
17	14087	20	14.480029682826
17	15249	21	14.501468454105
17	15330	22	12.078542405503
17	15848	23	7.5785424055031
17	15929	24	7.3385424055031
17	17801	25	9.5063898669032
17	18590	26	11.454825233255
17	19109	27	13.513872762808
17	19190	28	14.551724018088
17	19710	29	14.533590697198
17	21219	30	14.436635463728
17	22536	31	14.52481612387
17	22617	32	14.448807356527
17	23140	33	14.548589439547
17	23221	34	14.45280592767
17	25102	35	14.506397357189
17	26041	36	14.456564491136
17	26565	37	14.516341440155
17	26646	38	10.090826337447
17	27170	39	5.6204368723302
17	28748	40	7.9247688884989
17	30195	41	10.048070388348
17	30276	42	12.119358007675
17	30801	43	13.973002187642
17	30882	44	14.457199380769
17	32981	45	14.49829832049
17	33929	46	14.432797441144
17	34458	47	14.561530442083
17	34539	48	14.483144664088
17	35069	49	14.488685340056
17	36657	50	14.45505060709
17	38123	51	14.458777445714
17	38204	52	14.458914628449
17	38733	53	14.440167084482
17	38814	54	14.549168454422
17	40847	55	14.560667976622
17	41733	56	14.49536006448
3	3	1	1120.2
3	830	2	1120.2
3	1350	3	1120.2
3	1431	4	1120.2
3	3506	5	1120.2
3	4228	6	1120.2
3	4746	7	1120.2
3	4827	8	1120.2
3	5344	9	1120.0298618467
3	6762	10	1118.1489754853
3	8047	11	1110.9403164183
3	8128	12	1099.5898597043
3	8645	13	1086.7999173468
3	8726	14	1072.4406429548
3	10680	15	1057.9504773552
3	11532	16	1043.4426130799
3	12051	17	1028.9425794949
3	12132	18	1014.4598528284
3	12651	19	999.94753345402
3	14087	20	985.44188704941
3	15249	21	970.93429696095
3	15330	22	957.21808212595
3	15848	23	947.61453972045
3	15929	24	941.01999731495
3	17801	25	932.49670731335
3	18590	26	921.94634198442
3	19109	27	909.35090020815
3	19190	28	894.99741927337
3	19710	29	880.48652542228
3	21219	30	866.00177909354
3	22536	31	851.51035104642
3	22617	32	837.02335606068
3	23140	33	822.53303741183
3	23221	34	808.05409253793
3	25102	35	793.55655848877
3	26041	36	779.07289973225
3	26565	37	764.55858839762
3	26646	38	752.4637053158
3	27170	39	744.82715160394
3	28748	40	737.77261605923
3	30195	41	728.51603052082
3	30276	42	717.47593384461
3	30801	43	705.47080938495
3	30882	44	692.54447593643
3	32981	45	679.57545584509
3	33929	46	666.62032427754
3	34458	47	653.66511693829
3	34539	48	640.69409059619
3	35069	49	627.71700063568
3	36657	50	614.76312300952
3	38123	51	601.79231951543
3	38204	52	588.81698311488
3	38733	53	575.85694400711
3	38814	54	562.89627448056
3	40847	55	549.91820612473
3	41733	56	536.95266143393
2	3	1	908.44653274286
2	830	2	905.20921806409
2	1350	3	900.02557167402
2	1431	4	893.03852576734
2	3506	5	884.09367657368
2	4228	6	873.16683257333
2	4746	7	861.08729044236
2	4827	8	852.60290489576
2	5344	9	846.08591112607
2	6762	10	838.03024577729
2	8047	11	831.23260766518
2	8128	12	829.8
2	8645	13	829.8
2	8726	14	829.8
2	10680	15	829.8
2	11532	16	829.8
2	12051	17	829.8
2	12132	18	829.8
2	12651	19	829.8
2	14087	20	829.8
2	15249	21	829.8
2	15330	22	829.8
2	15848	23	829.8
2	15929	24	829.8
2	17801	25	829.8
2	18590	26	829.8
2	19109	27	829.8
2	19190	28	829.8
2	19710	29	829.8
2	21219	30	829.8
2	22536	31	829.8
2	22617	32	829.8
2	23140	33	829.8
2	23221	34	829.8
2	25102	35	829.8
2	26041	36	829.8
2	26565	37	829.8
2	26646	38	829.8
2	27170	39	829.8
2	28748	40	829.77219686901
2	30195	41	829.38941416505
2	30276	42	826.39616095263
2	30801	43	820.60525997019
2	30882	44	814.14173134623
2	32981	45	807.65685820576
2	33929	46	801.17892971602
2	34458	47	794.70096333831
2	34539	48	788.2150870163
2	35069	49	781.7261787153
2	36657	50	775.24887723137
2	38123	51	768.76311233959
2	38204	52	762.27508086768
2	38733	53	755.79469847043
2	38814	54	749.31400084615
2	40847	55	742.82460332011
2	41733	56	736.34146797721
37	1350	3	4.3099563385805
37	1431	4	5.0815035348559
37	3506	5	6.4902239056201
37	4228	6	7.4794918494436
37	4746	7	5.8591359375249
37	4827	8	1.7436625336201
37	5344	9	2.0975504820276
37	6762	10	2.0888871228731
37	8047	11	0.973
37	8128	12	0.973
37	8645	13	1.4099441899275
37	8726	14	1.5974920473423
37	10680	15	5.4459249099486
37	11532	16	6.4098962551555
37	12051	17	7.1263338767363
37	12132	18	6.0174440915869
37	12651	19	1.7468513387818
37	14087	20	1.8716958037228
37	15249	21	1.9437051424895
37	15330	22	1.9314507647714
37	15848	23	2.1007608433542
37	15929	24	1.7835192376436
37	17801	25	1.9557715640534
37	18590	26	0.973
37	19109	27	0.973
37	19190	28	5.9319152063675
37	19710	29	6.4746624189596
37	21219	30	7.3373009356631
37	22536	31	5.9392322336668
37	22617	32	2.0758457663208
37	23140	33	1.91364301237
37	23221	34	1.7883429181961
37	25102	35	1.9761602130559
37	26041	36	2.0108717027721
37	26565	37	2.0465724701409
37	26646	38	0.973
37	27170	39	0.973
37	28748	40	6.0379247567077
37	30195	41	6.7921041043227
37	30276	42	7.5395062232732
37	30801	43	4.4112853651144
37	30882	44	2.1199596464017
37	32981	45	2.0543832949183
37	33929	46	1.7218991933174
37	34458	47	1.896172921829
37	34539	48	0.973
37	35069	49	0.973
37	36657	50	5.5972523556081
37	38123	51	6.8034128650499
37	38204	52	8.1481858337304
37	38733	53	4.0079956735763
37	38814	54	1.9324418434341
37	40847	55	1.7045609104043
37	41733	56	1.9687399798173
37	42262	57	2.1031430201141
37	42333	58	1.95142432668
37	42758	59	1.9872576440431
37	44062	60	1.6802056186748
37	44991	61	2.3328398955539
37	45062	62	1.5860902377113
37	45489	63	2.2230644804333
37	45560	64	1.8965308048133
37	47219	65	1.7515135505784
37	47794	66	2.0086814415167
36	1350	3	2.0117065166635
36	1431	4	1.8772748762951
36	3506	5	2.0247747566015
36	4228	6	1.9772350333398
36	4746	7	1.2401263543192
36	4827	8	-0.063261417460163
36	5344	9	0.047868680581452
36	6762	10	0.043645969843491
36	8047	11	-4.370151218034
36	8128	12	-2.8630705849338
36	8645	13	-0.0017110898578538
36	8726	14	0.12304725751746
36	10680	15	2.0183943555993
36	11532	16	1.9641599566815
36	12051	17	1.854696655299
36	12132	18	1.2853174351158
36	12651	19	-0.063240105863661
36	14087	20	-0.022924068395513
36	15249	21	-7.3189497928894e-006
36	15330	22	-0.0037932143756194
36	15848	23	0.048451297194697
36	15929	24	-0.050822531655431
36	17801	25	0.0039020714536306
36	18590	26	-3.1644323109994
36	19109	27	-4.4500800030433
36	19190	28	2.3508863658574
36	19710	29	2.0331155325775
36	21219	30	1.94575131007
36	22536	31	1.2733012404975
36	22617	32	0.041126669128426
36	23140	33	-0.010086926147343
36	23221	34	-0.048618468842468
36	25102	35	0.010955269590486
36	26041	36	0.021336289970204
36	26565	37	0.031658278882968
36	26646	38	-3.218025096464
36	27170	39	-3.79
36	28748	40	2.2370205601281
36	30195	41	2.0392224963685
36	30276	42	1.9186693153786
36	30801	43	0.784884796869
36	30882	44	0.054063372733072
36	32981	45	0.032228826228529
36	33929	46	-0.071084842162673
36	34458	47	-0.015261640490499
36	34539	48	-4.3965702820225
36	35069	49	-2.3353741151854
36	36657	50	2.0107710108347
36	38123	51	2.0389091629582
36	38204	52	2.086693494902
36	38733	53	0.65204725858951
36	38814	54	-0.0052596991229787
36	40847	55	-0.07562218744075
36	41733	56	0.008322655623779
36	42262	57	0.049443207411095
36	42333	58	0.0012605832167907
36	42758	59	0.012247048595455
36	44062	60	-0.083101767092012
36	44991	61	0.12032284529647
36	45062	62	-0.11327926117927
36	45489	63	0.086607378900517
36	45560	64	-0.016344621833415
36	47219	65	-0.060777516786475
36	47794	66	0.020505956667476
22	830	2	3.9544707769432
22	1350	3	5.9661772936067
22	1431	4	7.8434521699018
22	3506	5	9.8682269265034
22	4228	6	11.845461959843
22	4746	7	13.085588314162
22	4827	8	13.022326896702
22	5344	9	13.070195577284
22	6762	10	13.113841547127
22	8047	11	8.7436903290932
22	8128	12	5.8806197441594
22	8645	13	5.8789086543015
22	8726	14	6.001955911819
22	10680	15	8.0203502674183
22	11532	16	9.9845102240998
22	12051	17	11.839206879399
22	12132	18	13.124524314515
22	12651	19	13.061284208651
22	14087	20	13.038360140256
22	15249	21	13.038352821306
22	15330	22	13.03455960693
22	15848	23	13.083010904125
22	15929	24	13.032188372469
22	17801	25	13.036090443923
22	18590	26	9.8716581329236
22	19109	27	5.4215781298802
22	19190	28	7.7724644957377
22	19710	29	9.8055800283152
22	21219	30	11.751331338385
22	22536	31	13.024632578883
22	22617	32	13.065759248011
22	23140	33	13.055672321864
22	23221	34	13.007053853021
22	25102	35	13.018009122612
22	26041	36	13.039345412582
22	26565	37	13.071003691465
22	26646	38	9.852978595001
22	27170	39	6.062978595001
22	28748	40	8.2999991551292
22	30195	41	10.339221651498
22	30276	42	12.257890966876
22	30801	43	13.042775763745
22	30882	44	13.096839136478
22	32981	45	13.129067962707
22	33929	46	13.057983120544
22	34458	47	13.042721480054
22	34539	48	8.6461511980312
22	35069	49	6.3107770828458
22	36657	50	8.3215480936805
22	38123	51	10.360457256639
22	38204	52	12.447150751541
22	38733	53	13.09919801013
22	38814	54	13.093938311007
22	40847	55	13.018316123566
22	41733	56	13.02663877919
22	42262	57	13.076081986601
22	42333	58	13.077342569818
22	42758	59	13.089589618414
22	44062	60	13.006487851322
22	44991	61	13.126810696618
22	45062	62	13.013531435439
22	45489	63	13.100138814339
22	45560	64	13.083794192506
22	47219	65	13.023016675719
22	47794	66	13.043522632387
13	3	1	1240.6082035103
13	830	2	1242.8002134529
13	1350	3	1246.3241207809
13	1431	4	1251.2200822278
13	3506	5	1257.5056294907
13	4228	6	1265.2882015042
13	4746	7	1274.2651105846
13	4827	8	1283.5177238274
13	5344	9	1292.7732101339
13	6762	10	1302.0166232651
13	8047	11	1309.5947040009
13	8128	12	1314.4715398828
13	8645	13	1319.2569191214
13	8726	14	1320.2
13	10680	15	1320.2
13	11532	16	1320.2
13	12051	17	1320.2
13	12132	18	1320.2
13	12651	19	1320.2
13	14087	20	1320.2
13	15249	21	1320.2
13	15330	22	1320.2
13	15848	23	1320.2
13	15929	24	1320.2
13	17801	25	1320.2
13	18590	26	1320.2
13	19109	27	1320.2
13	19190	28	1320.020262123
13	19710	29	1319.4373182173
13	21219	30	1316.9360143437
13	22536	31	1310.9280239728
13	22617	32	1302.1296039655
13	23140	33	1292.8839418024
13	23221	34	1283.6441108256
13	25102	35	1274.4080237587
13	26041	36	1265.1575434062
13	26565	37	1255.9240367543
13	26646	38	1247.6164377101
13	27170	39	1242.3492423356
13	28748	40	1237.0173101145
13	30195	41	1229.8425263014
13	30276	42	1220.0757622085
13	30801	43	1207.2446097179
13	30882	44	1194.1962394559
13	32981	45	1181.1358731092
13	33929	46	1168.0615547337
13	34458	47	1155.0110675058
13	34539	48	1144.3555025916
13	35069	49	1137.7341132742
13	36657	50	1130.22230706
13	38123	51	1120.9763123554
13	38204	52	1110.6575374297
13	38733	53	1099.0589979387
13	38814	54	1087.3680491158
13	40847	55	1075.6928452561
13	41733	56	1064.0121074393
13	42262	57	1052.3168998104
13	42333	58	1040.6180440574
13	42758	59	1028.9172619419
13	44062	60	1017.2305998335
13	44991	61	1005.5340979524
13	45062	62	993.840040999
13	45489	63	982.15255456364
13	45560	64	970.46399392173
13	47219	65	958.79099796372
13	47794	66	947.09661996214
12	3	1	1833.8182035103
12	830	2	1836.0102134529
12	1350	3	1839.5341207809
12	1431	4	1844.4300822278
12	3506	5	1850.7156294907
12	4228	6	1858.4982015042
12	4746	7	1867.4751105846
12	4827	8	1876.7277238274
12	5344	9	1885.9832101339
12	6762	10	1895.2266232651
12	8047	11	1902.8047040009
12	8128	12	1907.3108052237
12	8645	13	1907.5696586527
12	8726	14	1901.8786805973
12	10680	15	1894.7697611906
12	11532	16	1885.6354328792
12	12051	17	1874.6141689023
12	12132	18	1861.9356565785
12	12651	19	1848.878736161
12	14087	20	1835.8036478457
12	15249	21	1822.7564244678
12	15330	22	1809.7059959335
12	15848	23	1796.6498441973
12	15929	24	1783.5871076173
12	17801	25	1770.5154060542
12	18590	26	1758.7384741293
12	19109	27	1751.3168559979
12	19190	28	1744.5342674322
12	19710	29	1735.6581099725
12	21219	30	1725.1058732586
12	22536	31	1714.0237209781
12	22617	32	1704.3996039655
12	23140	33	1695.1539418024
12	23221	34	1685.9141108256
12	25102	35	1676.6780237587
12	26041	36	1667.4275434062
12	26565	37	1658.1940367543
12	26646	38	1649.8864377101
12	27170	39	1644.6192423356
12	28748	40	1639.5015232738
12	30195	41	1633.4011914857
12	30276	42	1627.6839796468
12	30801	43	1626.6
12	30882	44	1626.6
12	32981	45	1626.6
12	33929	46	1626.6
12	34458	47	1626.6
12	34539	48	1626.6
12	35069	49	1626.6
12	36657	50	1626.3497547716
12	38123	51	1624.7882330846
12	38204	52	1619.6912152765
12	38733	53	1613.8144989694
12	38814	54	1607.9690245579
12	40847	55	1602.131422628
12	41733	56	1596.2910537197
12	42262	57	1590.4434499052
12	42333	58	1584.5940220287
12	42758	59	1578.743630971
12	44062	60	1572.9002999167
12	44991	61	1567.0520489762
12	45062	62	1561.2050204995
12	45489	63	1555.3612772818
12	45560	64	1549.5169969609
12	47219	65	1543.6804989819
12	47794	66	1537.8333099811
35	1350	3	3.9276405747251
35	1431	4	5.0095166768423
35	3506	5	6.1562505105143
35	4228	6	7.7650422598204
35	4746	7	8.3777958679306
35	4827	8	9.0839877655245
35	5344	9	0.973
35	6762	10	0.973
35	8047	11	0.973
35	8128	12	0.973
35	8645	13	3.488952589443
35	8726	14	5.3194540005755
35	10680	15	6.7473444893843
35	11532	16	6.9109771660267
35	12051	17	8.3680808111021
35	12132	18	9.3602458357345
35	12651	19	0.973
35	14087	20	0.973
35	15249	21	0.973
35	15330	22	6.1246920418552
35	15848	23	6.2261186904914
35	15929	24	7.4018077407597
35	17801	25	8.3831903912677
35	18590	26	9.6412711734259
35	19109	27	2.8166552991245
35	19190	28	0.973
35	19710	29	0.973
35	21219	30	0.973
35	22536	31	4.8705022160423
35	22617	32	5.8982387401726
35	23140	33	6.8338527357835
35	23221	34	7.3310201265606
35	25102	35	9.8985353979509
35	26041	36	4.9266589674007
35	26565	37	2.595942769639
35	26646	38	2.3472822570955
35	27170	39	2.2333570964961
35	28748	40	2.2786710074804
35	30195	41	2.1946713134309
35	30276	42	2.1635314966808
35	30801	43	2.014926090134
35	30882	44	0.973
35	32981	45	0.973
35	33929	46	0.973
35	34458	47	3.6742740165219
35	34539	48	6.4159527555662
35	35069	49	7.3061175191598
35	36657	50	8.7596054025238
35	38123	51	9.9538856827676
35	38204	52	3.1893544057503
35	38733	53	2.2420135961006
35	38814	54	2.214064776482
35	40847	55	2.2029919156716
35	41733	56	2.3891425019564
35	42262	57	2.0672191180271
35	42333	58	2.2847200868861
35	42758	59	1.3411021984152
35	44062	60	0.973
35	44991	61	0.973
35	45062	62	2.1773984382618
35	45489	63	5.9913554617691
35	45560	64	5.4405750549077
35	47219	65	7.1895681353886
35	47794	66	8.8570114261052
35	48219	67	8.3538532786491
35	48280	68	2.338566873856
35	48610	69	2.1183854384554
35	49912	70	2.241073298699
35	50490	71	2.4175407957868
35	50551	72	2.4717084679212
35	50878	73	2.0057749936208
35	50940	74	2.1983836283296
35	52299	75	0.973
35	52608	76	0.973
35	52935	77	0.973
35	52996	78	2.8738599018346
35	53323	79	6.7468689733083
35	54618	80	7.1968238160891
35	55193	81	8.752098417492
35	55254	82	10.233709949275
35	55580	83	0.973
35	55641	84	0.973
35	57152	85	0.973
35	57408	86	5.5448243545996
35	57777	87	6.8631789213511
35	57838	88	7.701225127139
35	58164	89	8.7394918375561
35	59302	90	7.2925351601054
35	59823	91	2.3338598753391
35	59884	92	2.5360258208992
34	1350	3	1.8579311248451
34	1431	4	1.9170069387532
34	3506	5	1.9628695963672
34	4228	6	2.1189788781898
34	4746	7	1.9474776504212
34	4827	8	1.8507585343136
34	5344	9	-3.4684857116459
34	6762	10	-4.4820926232059
34	8047	11	-2.9869355640249
34	8128	12	-0.36428489678534
34	8645	13	1.528239826099
34	8726	14	2.0417598155839
34	10680	15	2.1374374987255
34	11532	16	1.8117703302251
34	12051	17	1.9426395717496
34	12132	18	1.9135880711116
34	12651	19	-1.1863325620293
34	14087	20	-4.5
34	15249	21	-3.79
34	15330	22	2.2752284200327
34	15848	23	1.8485631935834
34	15929	24	1.9065960957832
34	17801	25	1.887121149241
34	18590	26	1.9308450387721
34	19109	27	0.14299020440682
34	19190	28	-1.09359352486
34	19710	29	-4.4639265465668
34	21219	30	-4.5
34	22536	31	1.7869291726709
34	22617	32	1.8347637801641
34	23140	33	1.8285005716188
34	23221	34	1.7003804150806
34	25102	35	2.1051507330686
34	26041	36	0.69686022636055
34	26565	37	0.086536788786761
34	26646	38	0.021417289213279
34	27170	39	-0.0078233897429918
34	28748	40	0.0037894556066043
34	30195	41	-0.017431653970853
34	30276	42	-0.024773208135739
34	30801	43	-0.061673003346659
34	30882	44	-0.39726185646557
34	32981	45	-4.4498998490533
34	33929	46	-4.5
34	34458	47	1.1527420606068
34	34539	48	2.0205070034717
34	35069	49	1.9449808465363
34	36657	50	2.0380965461116
34	38123	51	2.0316778628598
34	38204	52	0.24052583829435
34	38733	53	-0.0048610524041592
34	38814	54	-0.011752643117214
34	40847	55	-0.014199510973413
34	41733	56	0.03304988602642
34	42262	57	-0.049013479256537
34	42333	58	0.007295701953117
34	42758	59	-0.23414063797845
34	44062	60	-4.4226520327201
34	44991	61	-4.5
34	45062	62	0.39442274795379
34	45489	63	1.9736263173074
34	45560	64	1.4472148837834
34	47219	65	1.7747434660536
34	47794	66	1.9589711291948
34	48219	67	1.5869276159789
34	48280	68	0.021273947306909
34	48610	69	-0.034931737738662
34	49912	70	-0.0028963603987364
34	50490	71	0.041664278612007
34	50551	72	0.053884524544703
34	50878	73	-0.064996414817871
34	50940	74	-0.014495854116976
34	52299	75	-3.4510726678836
34	52608	76	-4.4413307678806
34	52935	77	-1.0150157924575
34	52996	78	0.71979723873413
34	53323	79	2.1276612638659
34	54618	80	1.890785263977
34	55193	81	2.0240561907948
34	55254	82	2.0856853053533
34	55580	83	-4.1035144128994
34	55641	84	-4.4705167984325
34	57152	85	-0.24
34	57408	86	1.8347444832046
34	57777	87	1.9523433940904
34	57838	88	1.8833767936565
34	58164	89	1.8820610157726
34	59302	90	1.3118898133128
34	59823	91	0.020386592785362
34	59884	92	0.070454001356847
21	830	2	3.7892383118386
21	1350	3	5.6471694366836
21	1431	4	7.5641763754368
21	3506	5	9.527045971804
21	4228	6	11.646024849994
21	4746	7	13.593502500415
21	4827	8	15.444261034729
21	5344	9	11.975775323083
21	6762	10	7.4936826998769
21	8047	11	4.506747135852
21	8128	12	4.1424622390667
21	8645	13	5.6707020651657
21	8726	14	7.7124618807496
21	10680	15	9.8498993794751
21	11532	16	11.6616697097
21	12051	17	13.60430928145
21	12132	18	15.517897352561
21	12651	19	14.331564790532
21	14087	20	9.8315647905322
21	15249	21	6.0415647905322
21	15330	22	8.3167932105648
21	15848	23	10.165356404148
21	15929	24	12.071952499931
21	17801	25	13.959073649172
21	18590	26	15.889918687944
21	19109	27	16.032908892351
21	19190	28	14.939315367491
21	19710	29	10.475388820924
21	21219	30	5.9753888209245
21	22536	31	7.7623179935954
21	22617	32	9.5970817737595
21	23140	33	11.425582345378
21	23221	34	13.125962760459
21	25102	35	15.231113493527
21	26041	36	15.927973719888
21	26565	37	16.014510508675
21	26646	38	16.035927797888
21	27170	39	16.028104408145
21	28748	40	16.031893863752
21	30195	41	16.014462209781
21	30276	42	15.989689001645
21	30801	43	15.928015998298
21	30882	44	15.530754141833
21	32981	45	11.08085429278
21	33929	46	6.5808542927795
21	34458	47	7.7335963533863
21	34539	48	9.7541033568581
21	35069	49	11.699084203394
21	36657	50	13.737180749506
21	38123	51	15.768858612366
21	38204	52	16.00938445066
21	38733	53	16.004523398256
21	38814	54	15.992770755139
21	40847	55	15.978571244165
21	41733	56	16.011621130192
21	42262	57	15.962607650935
21	42333	58	15.969903352888
21	42758	59	15.73576271491
21	44062	60	11.31311068219
21	44991	61	6.8131106821898
21	45062	62	7.2075334301436
21	45489	63	9.181159747451
21	45560	64	10.628374631234
21	47219	65	12.403118097288
21	47794	66	14.362089226483
21	48219	67	15.949016842462
21	48280	68	15.970290789769
21	48610	69	15.93535905203
21	49912	70	15.932462691631
21	50490	71	15.974126970243
21	50551	72	16.028011494788
21	50878	73	15.96301507997
21	50940	74	15.948519225853
21	52299	75	12.497446557969
21	52608	76	8.0561157900888
21	52935	77	7.0410999976313
21	52996	78	7.7608972363654
21	53323	79	9.8885585002313
21	54618	80	11.779343764208
21	55193	81	13.803399955003
21	55254	82	15.889085260356
21	55580	83	11.785570847457
21	55641	84	7.3150540490244
21	57152	85	7.0750540490244
21	57408	86	8.909798532229
21	57777	87	10.862141926319
21	57838	88	12.745518719976
21	58164	89	14.627579735749
21	59302	90	15.939469549061
21	59823	91	15.959856141847
21	59884	92	16.030310143204
11	3	1	1248.5066387059
11	830	2	1248.4054301663
11	1350	3	1251.8155268433
11	1431	4	1256.527003911
11	3506	5	1262.6780112493
11	4228	6	1270.264844439
11	4746	7	1279.2388729532
11	4827	8	1289.555144842
11	5344	9	1299.4155100313
11	6762	10	1306.1449332245
11	8047	11	1310.38
11	8128	12	1308.6076842734
11	8645	13	1305.024857698
11	8726	14	1300.2452565369
11	10680	15	1293.9862417834
11	11532	16	1286.3246456684
11	12051	17	1277.3538196926
11	12132	18	1266.95197288
11	12651	19	1255.9663023598
11	14087	20	1247.5824894081
11	15249	21	1242.3304357998
11	15330	22	1237.0270258336
11	15848	23	1229.9455769071
11	15929	24	1220.3329658907
11	17801	25	1207.3488368996
11	18590	26	1192.3567826864
11	19109	27	1176.3795364118
11	19190	28	1160.5867932838
11	19710	29	1148.08796806
11	21219	30	1140.0875792391
11	22536	31	1133.4179267257
11	22617	32	1124.7438677762
11	23140	33	1114.8552172624
11	23221	34	1103.8547454178
11	25102	35	1091.1348325616
11	26041	36	1076.9338954722
11	26565	37	1062.6329693243
11	26646	38	1048.3155372546
11	27170	39	1034.0038713587
11	28748	40	1019.706649618
11	30195	41	1005.411094988
11	30276	42	991.09429920683
11	30801	43	976.79623172394
11	30882	44	962.54254747136
11	32981	45	950.84099103194
11	33929	46	943.14384072801
11	34458	47	937.23521381455
11	34539	48	929.97197445241
11	35069	49	924.13589380219
11	36657	50	923.4
11	38123	51	923.4
11	38204	52	923.4
11	38733	53	923.4
11	38814	54	923.4
11	40847	55	923.4
11	41733	56	923.4
11	42262	57	923.4
11	42333	58	923.4
11	42758	59	923.4
11	44062	60	923.4
11	44991	61	923.4
11	45062	62	923.46968152969
11	45489	63	925.89853879713
11	45560	64	934.87878760542
11	47219	65	946.42536425045
11	47794	66	959.87559128151
11	48219	67	975.32708260319
11	48280	68	991.31090817647
11	48610	69	1007.2875337516
11	49912	70	1023.2709969912
11	50490	71	1039.2490773718
11	50551	72	1055.2275124205
11	50878	73	1071.2064912813
11	50940	74	1087.1986599167
11	52299	75	1101.6487382432
11	52608	76	1111.7277357927
11	52935	77	1118.1575717337
11	52996	78	1120.2
11	53323	79	1120.2
11	54618	80	1120.2
11	55193	81	1120.2
11	55254	82	1120.2
11	55580	83	1120.2
11	55641	84	1120.2
11	57152	85	1120.2
11	57408	86	1120.2
11	57777	87	1120.2
11	57838	88	1120.2
11	58164	89	1120.2
11	59302	90	1120.2
11	59823	91	1120.2
11	59884	92	1120.2
10	3	1	1641.7166387059
10	830	2	1646.1354301663
10	1350	3	1649.5455268433
10	1431	4	1654.257003911
10	3506	5	1660.4080112493
10	4228	6	1667.994844439
10	4746	7	1676.9688729532
10	4827	8	1687.285144842
10	5344	9	1697.1455100313
10	6762	10	1703.8749332245
10	8047	11	1708.11
10	8128	12	1710.4781349272
10	8645	13	1707.294857698
10	8726	14	1702.5152565369
10	10680	15	1696.2562417834
10	11532	16	1688.5946456684
10	12051	17	1679.6238196926
10	12132	18	1669.22197288
10	12651	19	1658.2363023598
10	14087	20	1649.8524894081
10	15249	21	1644.6004357998
10	15330	22	1639.5104393453
10	15848	23	1633.475712196
10	15929	24	1627.8086580419
10	17801	25	1626.6
10	18590	26	1626.6
10	19109	27	1626.6
10	19190	28	1626.6
10	19710	29	1626.6
10	21219	30	1626.6
10	22536	31	1626.5042035932
10	22617	32	1625.7027508106
10	23140	33	1621.8920448563
10	23221	34	1616.2123727089
10	25102	35	1609.8524162808
10	26041	36	1602.7519477361
10	26565	37	1595.6014846622
10	26646	38	1588.4427686273
10	27170	39	1581.2869356793
10	28748	40	1574.138324809
10	30195	41	1566.990547494
10	30276	42	1559.8321496034
10	30801	43	1552.683115862
10	30882	44	1545.5562737357
10	32981	45	1539.705495516
10	33929	46	1535.856920364
10	34458	47	1532.7945446175
10	34539	48	1527.7507097869
10	35069	49	1518.9124959376
10	36657	50	1506.1129881679
10	38123	51	1491.2541726441
10	38204	52	1475.2816110439
10	38733	53	1459.27878682
10	38814	54	1443.2923848576
10	40847	55	1427.300100816
10	41733	56	1411.3063178585
10	42262	57	1395.3289468431
10	42333	58	1379.353577907
10	42758	59	1363.4021286315
10	44062	60	1350.0640179493
10	44991	61	1341.2259072671
10	45062	62	1334.9122292922
10	45489	63	1327.2357686714
10	45560	64	1323.4744589135
10	47219	65	1323.4
10	47794	66	1320.2
10	48219	67	1320.2
10	48280	68	1320.2
10	48610	69	1320.2
10	49912	70	1320.2
10	50490	71	1320.2
10	50551	72	1320.2
10	50878	73	1320.2
10	50940	74	1320.2
10	52299	75	1320.2
10	52608	76	1320.2
10	52935	77	1319.1854569598
10	52996	78	1312.8517714988
10	53323	79	1303.9159153688
10	54618	80	1293.0042698106
10	55193	81	1280.0720329243
10	55254	82	1265.1219763555
10	55580	83	1251.3316942891
10	55641	84	1242.0097217457
10	57152	85	1235.6786676967
10	57408	86	1227.5381638237
10	57777	87	1217.5592604235
10	57838	88	1205.6337184418
10	58164	89	1191.8343687032
10	59302	90	1176.2046029329
10	59823	91	1160.2280173232
10	59884	92	1144.2334655786
31	1350	3	4.2079394171077
31	1431	4	5.6871027231931
31	3506	5	6.3190338374957
31	4228	6	7.1536252094734
31	4746	7	8.1804203865457
31	4827	8	3.3386476953763
31	5344	9	2.0044896370732
31	6762	10	1.7785484670284
31	8047	11	2.1787809309186
31	8128	12	1.9024215667916
31	8645	13	1.9857898464698
31	8726	14	2.1738502329696
31	10680	15	1.9128324806201
31	11532	16	2.2514114708375
31	12051	17	0.973
31	12132	18	0.973
31	12651	19	0.973
31	14087	20	6.3021643290312
31	15249	21	2.6877366416161
31	15330	22	0.973
31	15848	23	6.0731544438304
31	15929	24	6.611175477286
31	17801	25	7.5745139383908
31	18590	26	6.0076976695774
31	19109	27	0.973
31	19190	28	0.973
31	19710	29	4.5617320828468
31	21219	30	5.289483575738
31	22536	31	1.8280328282831
31	22617	32	7.6012755420258
31	23140	33	8.5119853702344
31	23221	34	3.932892732782
31	25102	35	0.973
31	26041	36	0.973
31	26565	37	0.973
31	26646	38	5.7705112163453
31	27170	39	7.2664628514429
31	28748	40	7.9002598232843
31	30195	41	5.5104504166735
31	30276	42	1.7935082514717
31	30801	43	2.430081951489
31	30882	44	1.8028534216702
31	32981	45	2.1005782958925
31	33929	46	2.2076067061042
31	34458	47	1.9762970161584
31	34539	48	2.1356093833581
31	35069	49	1.9169382389756
31	36657	50	2.1593093302276
31	38123	51	1.7223746062147
31	38204	52	0.973
31	38733	53	0.973
31	38814	54	0.973
31	40847	55	1.589342868884
31	41733	56	5.5320039494923
31	42262	57	7.9465196160441
31	42333	58	8.3187274937318
31	42758	59	5.7205041022245
31	44062	60	0.973
31	44991	61	0.973
31	45062	62	0.973
31	45489	63	5.9137663234039
31	45560	64	4.2079074124777
31	47219	65	3.2326156267242
31	47794	66	6.952149233454
31	48219	67	8.2734092901372
31	48280	68	3.3241255470773
31	48610	69	2.1746571990396
31	49912	70	1.9997255313014
31	50490	71	1.7988247953691
31	50551	72	2.2272680857805
31	50878	73	2.2250564734855
31	50940	74	1.936362736116
31	52299	75	1.7319578807384
31	52608	76	2.4015782614495
31	52935	77	0.973
31	52996	78	0.973
31	53323	79	0.973
31	54618	80	2.0783988758621
31	55193	81	5.1145493845475
31	55254	82	6.2157960382515
31	55580	83	6.9624055164884
31	55641	84	7.727973854714
31	57152	85	2.5130401623721
31	57408	86	2.2308605473079
31	57777	87	1.7970722243616
31	57838	88	2.0981231552793
31	58164	89	2.0674726133343
31	59302	90	2.264157254427
31	59823	91	1.8928183531374
31	59884	92	2.0424910065927
31	60210	93	2.0798301146472
30	1350	3	1.95297091129
30	1431	4	2.1303029967588
30	3506	5	1.9254555872199
30	4228	6	1.8620842778799
30	4746	7	1.8664618903515
30	4827	8	0.37965507659994
30	5344	9	-0.012675736802629
30	6762	10	-0.07732073721243
30	8047	11	0.039914320728275
30	8128	12	-0.040605842545629
30	8645	13	-0.015455321988556
30	8726	14	0.03902282857336
30	10680	15	-0.03714507992845
30	11532	16	0.061127684002278
30	12051	17	-0.36525425607182
30	12132	18	-4.4063082429234
30	12651	19	-2.3230608195795
30	14087	20	2.1366994706658
30	15249	21	0.45066089686929
30	15330	22	-2.3100160660845
30	15848	23	1.9974089137535
30	15929	24	1.8183344615507
30	17801	25	1.8201381244627
30	18590	26	1.1713174798398
30	19109	27	-3.5566299281869
30	19190	28	-4.4756639411609
30	19710	29	1.6474198075966
30	21219	30	1.6331147859685
30	22536	31	0.083910824574996
30	22617	32	2.0970615127007
30	23140	33	2.0084048930253
30	23221	34	0.55855993501874
30	25102	35	-2.1345660619564
30	26041	36	-4.4686306591761
30	26565	37	-0.23158893108514
30	26646	38	1.8935078775231
30	27170	39	2.0446914067049
30	28748	40	1.8955455512367
30	30195	41	1.0225716865144
30	30276	42	-0.072436661890242
30	30801	43	0.11206397799542
30	30882	44	-0.070714497279841
30	32981	45	0.016804411180782
30	33929	46	0.04683683963027
30	34458	47	-0.020665001482703
30	34539	48	0.025484925508499
30	35069	49	-0.037824506720062
30	36657	50	0.032629956738091
30	38123	51	-0.093792713554576
30	38204	52	-1.2808064515687
30	38733	53	-4.4781080279225
30	38814	54	-1.6312770900818
30	40847	55	0.08000346914865
30	41733	56	1.9061255221651
30	42262	57	2.3464189247298
30	42333	58	2.0394084456074
30	42758	59	1.0840993771377
30	44062	60	-0.66502022123177
30	44991	61	-4.385022566592
30	45062	62	-3.08
30	45489	63	2.2187571047363
30	45560	64	1.148435951728
30	47219	65	0.64707533588866
30	47794	66	1.8084610768454
30	48219	67	1.9038945384324
30	48280	68	0.37858887140671
30	48610	69	0.037648210909683
30	49912	70	-0.013512060623615
30	50490	71	-0.07098649882013
30	50551	72	0.054191483759785
30	50878	73	0.05177039072616
30	50940	74	-0.032280798263381
30	52299	75	-0.090413154580165
30	52608	76	0.1044088836899
30	52935	77	-1.924668698569
30	52996	78	-4.4592423651527
30	53323	79	-1.0881412230788
30	54618	80	0.357935860781
30	55193	81	1.6903259196249
30	55254	82	1.7864755408955
30	55580	83	1.7365597687173
30	55641	84	1.7037021770375
30	57152	85	0.13956684937481
30	57408	86	0.054216275478247
30	57777	87	-0.071824221566784
30	57838	88	0.01682860008208
30	58164	89	0.0075265088281586
30	59302	90	0.063470934471116
30	59823	91	-0.044637230751105
30	59884	92	-0.00042092943331085
30	60210	93	0.01028653429821
19	830	2	3.9799862627399
19	1350	3	5.9329571740299
19	1431	4	8.0632601707887
19	3506	5	9.9887157580086
19	4228	6	11.850800035889
19	4746	7	13.71726192624
19	4827	8	14.09691700284
19	5344	9	14.084241266037
19	6762	10	14.006920528825
19	8047	11	14.046834849553
19	8128	12	14.006229007008
19	8645	13	13.990773685019
19	8726	14	14.029796513592
19	10680	15	13.992651433664
19	11532	16	14.053779117666
19	12051	17	13.688524861594
19	12132	18	9.282216618671
19	12651	19	6.9591557990915
19	14087	20	9.0958552697573
19	15249	21	9.5465161666266
19	15330	22	7.2365001005421
19	15848	23	9.2339090142955
19	15929	24	11.052243475846
19	17801	25	12.872381600309
19	18590	26	14.043699080149
19	19109	27	10.487069151962
19	19190	28	6.0114052108009
19	19710	29	7.6588250183975
19	21219	30	9.291939804366
19	22536	31	9.375850628941
19	22617	32	11.472912141642
19	23140	33	13.481317034667
19	23221	34	14.039876969686
19	25102	35	11.905310907729
19	26041	36	7.4366802485533
19	26565	37	7.2050913174681
19	26646	38	9.0985991949912
19	27170	39	11.143290601696
19	28748	40	13.038836152933
19	30195	41	14.061407839447
19	30276	42	13.988971177557
19	30801	43	14.101035155552
19	30882	44	14.030320658273
19	32981	45	14.047125069453
19	33929	46	14.093961909084
19	34458	47	14.073296907601
19	34539	48	14.098781833109
19	35069	49	14.060957326389
19	36657	50	14.093587283127
19	38123	51	13.999794569573
19	38204	52	12.718988118004
19	38733	53	8.2408800900818
19	38814	54	6.609603
19	40847	55	6.6896064691487
19	41733	56	8.5957319913137
19	42262	57	10.942150916044
19	42333	58	12.981559361651
19	42758	59	14.065658738789
19	44062	60	13.400638517557
19	44991	61	9.015615950965
19	45062	62	5.935615950965
19	45489	63	8.1543730557012
19	45560	64	9.3028090074292
19	47219	65	9.9498843433179
19	47794	66	11.758345420163
19	48219	67	13.662239958596
19	48280	68	14.040828830002
19	48610	69	14.078477040912
19	49912	70	14.064964980288
19	50490	71	13.993978481468
19	50551	72	14.048169965228
19	50878	73	14.099940355954
19	50940	74	14.067659557691
19	52299	75	13.977246403111
19	52608	76	14.081655286801
19	52935	77	12.156986588232
19	52996	78	7.6977442230788
19	53323	79	6.609603
19	54618	80	6.967538860781
19	55193	81	8.6578647804059
19	55254	82	10.444340321301
19	55580	83	12.180900090019
19	55641	84	13.884602267056
19	57152	85	14.024169116431
19	57408	86	14.078385391909
19	57777	87	14.006561170342
19	57838	88	14.023389770424
19	58164	89	14.030916279253
19	59302	90	14.094387213724
19	59823	91	14.049749982973
19	59884	92	14.049329053539
19	60210	93	14.059615587838
7	3	1	1236.2099340965
7	830	2	1239.0003320153
7	1350	3	1243.5260589654
7	1431	4	1249.9199720344
7	3506	5	1256.6358816436
7	4228	6	1266.4631288681
7	4746	7	1278.0092295631
7	4827	8	1290.5635656668
7	5344	9	1303.1215420932
7	6762	10	1315.6638813056
7	8047	11	1328.220918824
7	8128	12	1340.7881996047
7	8645	13	1353.3213596957
7	8726	14	1365.8628083263
7	10680	15	1378.4137502017
7	11532	16	1390.971600921
7	12051	17	1403.4800975705
7	12132	18	1413.5861353748
7	12651	19	1419.941549573
7	14087	20	1424.2759011268
7	15249	21	1426.1634659027
7	15330	22	1426.4963774025
7	15848	23	1426.6
7	15929	24	1426.6
7	17801	25	1426.6
7	18590	26	1426.6
7	19109	27	1426.6
7	19190	28	1426.6
7	19710	29	1426.3270358363
7	21219	30	1422.8196315362
7	22536	31	1414.0176298868
7	22617	32	1403.5291802012
7	23140	33	1390.9469884727
7	23221	34	1376.9529758421
7	25102	35	1363.5298085806
7	26041	36	1354.0807606811
7	26565	37	1347.6196693637
7	26646	38	1339.3534771477
7	27170	39	1329.1004080295
7	28748	40	1316.8959718863
7	30195	41	1303.0631157544
7	30276	42	1289.0015676239
7	30801	43	1274.9572854382
7	30882	44	1260.9323497273
7	32981	45	1246.8968179222
7	33929	46	1232.8451582698
7	34458	47	1218.7897114311
7	34539	48	1204.7578341342
7	35069	49	1190.7186913125
7	36657	50	1176.6640054476
7	38123	51	1162.6276469568
7	38204	52	1148.8436819381
7	38733	53	1138.5929538712
7	38814	54	1132.0617321628
7	40847	55	1126.6
7	41733	56	1126.6
7	42262	57	1126.6
7	42333	58	1126.6
7	42758	59	1126.6
7	44062	60	1126.6
7	44991	61	1126.6
7	45062	62	1126.6
7	45489	63	1125.9793645146
7	45560	64	1120.4043630421
7	47219	65	1111.0859571
7	47794	66	1100.1005490463
7	48219	67	1087.2966488199
7	48280	68	1073.2727002113
7	48610	69	1059.2409666681
7	49912	70	1045.2100958236
7	50490	71	1031.1718519696
7	50551	72	1017.1269874016
7	50878	73	1003.0753704986
7	50940	74	989.03564569649
7	52299	75	974.9944184094
7	52608	76	960.95369284788
7	52935	77	947.42108083618
7	52996	78	937.710425922
7	53323	79	931.43583395059
7	54618	80	929.8
7	55193	81	929.8
7	55254	82	929.8
7	55580	83	929.8
7	55641	84	929.8
7	57152	85	929.8
7	57408	86	929.8
7	57777	87	929.8
7	57838	88	929.8
7	58164	89	929.8
7	59302	90	929.8
7	59823	91	929.8
7	59884	92	929.8
7	60210	93	929.8
6	3	1	1025.2399670482
6	830	2	1026.6351660076
6	1350	3	1028.8980294827
6	1431	4	1032.0949860172
6	3506	5	1039.0279408218
6	4228	6	1043.941564434
6	4746	7	1049.7146147816
6	4827	8	1055.9917828334
6	5344	9	1062.2707710466
6	6762	10	1068.5419406528
6	8047	11	1074.820459412
6	8128	12	1081.1040998024
6	8645	13	1087.3706798478
6	8726	14	1093.6414041632
6	10680	15	1099.9168751009
6	11532	16	1106.1958004605
6	12051	17	1112.4500487852
6	12132	18	1117.5030676874
6	12651	19	1120.9809222779
6	14087	20	1127.7232996495
6	15249	21	1137.40104358
6	15330	22	1144.934975566
6	15848	23	1153.3484245184
6	15929	24	1163.5992573772
6	17801	25	1175.686599266
6	18590	26	1189.3951268592
6	19109	27	1201.8354285606
6	19190	28	1209.8581160858
6	19710	29	1216.5107491459
6	21219	30	1224.0682210783
6	22536	31	1226.6
6	22617	32	1226.6
6	23140	33	1226.6
6	23221	34	1226.6
6	25102	35	1226.6
6	26041	36	1226.6
6	26565	37	1226.6
6	26646	38	1226.6
6	27170	39	1226.6
6	28748	40	1226.6
6	30195	41	1226.6
6	30276	42	1229.8
6	30801	43	1229.8
6	30882	44	1229.8
6	32981	45	1229.8
6	33929	46	1229.8
6	34458	47	1229.8
6	34539	48	1229.8
6	35069	49	1229.8
6	36657	50	1229.8
6	38123	51	1229.8
6	38204	52	1229.8
6	38733	53	1229.8
6	38814	54	1230.6829607023
6	40847	55	1236.4565861062
6	41733	56	1244.2402060495
6	42262	57	1254.1625318955
6	42333	58	1266.2559497415
6	42758	59	1280.0454522605
6	44062	60	1294.0076175983
6	44991	61	1305.0118723505
6	45062	62	1311.7654883015
6	45489	63	1318.9444483979
6	45560	64	1325.5173821748
6	47219	65	1326.6
6	47794	66	1326.6
6	48219	67	1326.6
6	48280	68	1329.8
6	48610	69	1329.8
6	49912	70	1329.8
6	50490	71	1329.8
6	50551	72	1329.8
6	50878	73	1329.8
6	50940	74	1329.8
6	52299	75	1329.8
6	52608	76	1329.8
6	52935	77	1329.8
6	52996	78	1329.8
6	53323	79	1331.0584996296
6	54618	80	1337.2071734996
6	55193	81	1345.0511786963
6	55254	82	1354.6931349915
6	55580	83	1366.1350733598
6	55641	84	1379.2369398189
6	57152	85	1393.2783349256
6	57408	86	1407.3178485228
6	57777	87	1421.3387118817
6	57838	88	1435.3967917113
6	58164	89	1449.4357513859
6	59302	90	1463.4747600652
6	59823	91	1477.5344847901
6	59884	92	1491.5658187772
6	60210	93	1505.6004135849
29	1350	3	4.3946844027024
29	1431	4	5.614289894367
29	3506	5	6.1221580277929
29	4228	6	6.5409263347127
29	4746	7	7.8182918753039
29	4827	8	4.748108196958
29	5344	9	2.2808867424656
29	6762	10	1.8732795817234
29	8047	11	1.83123533973
29	8128	12	2.3652359485726
29	8645	13	1.8722132648001
29	8726	14	2.3983026971859
29	10680	15	1.2757313593662
29	11532	16	1.759696055719
29	12051	17	2.0529790887916
29	12132	18	2.8062369798837
29	12651	19	1.93176892685
29	14087	20	2.4864867779175
29	15249	21	1.6493969830348
29	15330	22	2.1141592012016
29	15848	23	2.3084115406226
29	15929	24	1.9113857394876
29	17801	25	2.015520070523
29	18590	26	2.3552031704701
29	19109	27	1.6806766599819
29	19190	28	2.48370973451
29	19710	29	2.0208657265797
29	21219	30	1.6986963148725
29	22536	31	2.4196241328108
29	22617	32	1.9681961574307
29	23140	33	2.2356544665358
29	23221	34	1.847488883361
29	25102	35	0.973
29	26041	36	0.973
29	26565	37	6.2203913733191
29	26646	38	6.5405247498
29	27170	39	7.2665957255692
29	28748	40	8.1280335703531
29	30195	41	3.0279259555579
29	30276	42	2.0205801250662
29	30801	43	2.0723351897259
29	30882	44	2.1664140427686
29	32981	45	1.9769306432654
29	33929	46	1.8098520688129
29	34458	47	2.4866235200708
29	34539	48	1.900451805442
29	35069	49	1.9885584640311
29	36657	50	0.973
29	38123	51	0.973
29	38204	52	0.973
29	38733	53	6.2607055932231
29	38814	54	6.7838421688243
29	40847	55	7.3272098314959
29	41733	56	8.2473570238462
29	42262	57	1.7275733150692
29	42333	58	2.1640182130614
29	42758	59	2.1488187281565
29	44062	60	2.1416879547565
29	44991	61	1.8340690646713
29	45062	62	2.046800104898
29	45489	63	2.4173587574028
29	45560	64	1.7304435827518
29	47219	65	2.1371371438609
29	47794	66	2.0375613843721
29	48219	67	2.1315592859764
29	48280	68	0.973
29	48610	69	0.973
29	49912	70	0.973
29	50490	71	5.9077266618932
29	50551	72	6.9393515851512
29	50878	73	7.5872078964084
29	50940	74	8.4011892218052
29	52299	75	2.2154095773169
29	52608	76	2.1908133761606
29	52935	77	0.973
29	52996	78	0.973
29	53323	79	0.973
29	54618	80	0.973
29	55193	81	2.8198260785658
29	55254	82	6.1249231351187
29	55580	83	7.1553188202607
29	55641	84	7.9121911153731
29	57152	85	5.4909545854655
29	57408	86	1.9948171028955
29	57777	87	0.973
29	57838	88	0.973
29	58164	89	6.1687732682088
29	59302	90	6.2406451547303
29	59823	91	8.0888790298472
29	59884	92	7.95948114519
29	60210	93	2.2879033359407
29	60261	94	2.0695779478036
29	60867	95	2.0471924034604
29	61051	96	2.1129425511462
29	61223	97	0.973
29	61264	98	0.973
29	61435	99	4.8521555108931
29	61994	100	7.0809790089712
29	62308	101	7.4568519329077
29	62349	102	8.383888625912
29	62520	103	1.9215909217392
29	62561	104	2.2731665114085
29	63179	105	2.0030865834978
29	63361	106	0.973
29	63530	107	0.973
29	63571	108	0.973
29	63740	109	1.4784370598816
29	64237	110	3.048629202125
29	64584	111	5.8628416570488
29	64625	112	6.1817626440758
29	64794	113	8.35267861102
29	64835	114	7.8269983996915
29	65423	115	1.7722230806688
29	65605	116	2.0711903161915
29	65774	117	2.1223198071594
29	65815	118	2.1128567818603
28	1350	3	2.0351562025188
28	1431	4	2.0728239309206
28	3506	5	1.8459985194961
28	4228	6	1.6806377231912
28	4746	7	1.7988098975806
28	4827	8	0.78224054130074
28	5344	9	0.061173239194323
28	6762	10	-0.055620486089028
28	8047	11	-0.066165983418468
28	8128	12	0.086919081138912
28	8645	13	-0.055021906716284
28	8726	14	0.095049995351584
28	10680	15	-0.22729697926398
28	11532	16	-0.082639292944222
28	12051	17	0.0041813229024417
28	12132	18	0.21739302810244
28	12651	19	-0.036795469250064
28	14087	20	0.12079688238911
28	15249	21	-0.11944851720706
28	15330	22	0.016024301603903
28	15848	23	0.070301212358753
28	15929	24	-0.04395636859117
28	17801	25	-0.013190855055582
28	18590	26	0.082971598780714
28	19109	27	-0.11033783744322
28	19190	28	0.11990315706236
28	19710	29	-0.013951162954326
28	21219	30	-0.10508629902266
28	22536	31	0.10195421964861
28	22617	32	-0.028350131011102
28	23140	33	0.047863346363883
28	23221	34	-0.063081784604583
28	25102	35	-4.3568640325124
28	26041	36	-3.79
28	26565	37	2.2986987793143
28	26646	38	1.9393153615668
28	27170	39	1.8411539885681
28	28748	40	1.8074503856176
28	30195	41	0.27982528979414
28	30276	42	-0.012855020123533
28	30801	43	0.0021495391568163
28	30882	44	0.028610665223095
28	32981	45	-0.025709722221363
28	33929	46	-0.072511338333134
28	34458	47	0.12077234592056
28	34539	48	-0.047978969214018
28	35069	49	-0.02170619466575
28	36657	50	-0.86118816014359
28	38123	51	-4.4925992945766
28	38204	52	-2.3624921186534
28	38733	53	2.2174035001663
28	38814	54	1.9578186960868
28	40847	55	1.8042989824666
28	41733	56	1.7939130959456
28	42262	57	-0.096852517281658
28	42333	58	0.029766719683538
28	42758	59	0.024542811391875
28	44062	60	0.021769846782554
28	44991	61	-0.065980460231657
28	45062	62	-0.0037235496751968
28	45489	63	0.10076279483968
28	45560	64	-0.096270504423883
28	47219	65	0.021831144564786
28	47794	66	-0.0070019111270092
28	48219	67	0.019796945312992
28	48280	68	-1.2432010675984
28	48610	69	-4.4543645311304
28	49912	70	-2.3659362653554
28	50490	71	2.1610654789861
28	50551	72	2.0801966016623
28	50878	73	1.9199867608165
28	50940	74	1.8544534237799
28	52299	75	0.04434685530061
28	52608	76	0.03599005161319
28	52935	77	-1.9955508032812
28	52996	78	-4.4584446979693
28	53323	79	-0.90415833553068
28	54618	80	-0.21111692516427
28	55193	81	0.73281415444566
28	55254	82	1.976714867719
28	55580	83	1.9566926363204
28	55641	84	1.8654063443025
28	57152	85	0.9993124551802
28	57408	86	-0.019320480637253
28	57777	87	-4.057658035012
28	57838	88	-3.7222794261812
28	58164	89	2.2018148139003
28	59302	90	1.7983491575159
28	59823	91	2.058037235199
28	59884	92	1.7218456348987
28	60210	93	0.063992385452147
28	60261	94	0.00052962751360575
28	60867	95	-0.0058013133634809
28	61051	96	0.012908355065155
28	61223	97	-3.0377436076964
28	61264	98	-4.4836035543019
28	61435	99	1.6239057344454
28	61994	100	2.1160933237034
28	62308	101	1.8694196657906
28	62349	102	1.8449853175308
28	62520	103	-0.039732403124216
28	62561	104	0.061027577549684
28	63179	105	-0.017167310502845
28	63361	106	-1.1642997809795
28	63530	107	-4.4599312557852
28	63571	108	-2.9295794430847
28	63740	109	0.054370786361397
28	64237	110	0.9821517775394
28	64584	111	2.028485449648
28	64625	112	1.7624542649626
28	64794	113	2.1206333832629
28	64835	114	1.6720405539137
28	65423	115	-0.084082854990847
28	65605	116	0.0031483277422364
28	65774	117	0.017524646176026
28	65815	118	0.014314316527452
18	830	2	4.0239826316459
18	1350	3	6.0591388341648
18	1431	4	8.1319627650853
18	3506	5	9.9779612845814
18	4228	6	11.658599007773
18	4746	7	13.457408905353
18	4827	8	14.239649446654
18	5344	9	14.300822685848
18	6762	10	14.245202199759
18	8047	11	14.179036216341
18	8128	12	14.26595529748
18	8645	13	14.210933390763
18	8726	14	14.305983386115
18	10680	15	14.078686406851
18	11532	16	13.996047113907
18	12051	17	14.000228436809
18	12132	18	14.217621464912
18	12651	19	14.180825995662
18	14087	20	14.301622878051
18	15249	21	14.182174360844
18	15330	22	14.198198662448
18	15848	23	14.268499874806
18	15929	24	14.224543506215
18	17801	25	14.21135265116
18	18590	26	14.29432424994
18	19109	27	14.183986412497
18	19190	28	14.303889569559
18	19710	29	14.289938406605
18	21219	30	14.184852107582
18	22536	31	14.286806327231
18	22617	32	14.25845619622
18	23140	33	14.306319542584
18	23221	34	14.243237757979
18	25102	35	9.8863737254668
18	26041	36	6.0963737254668
18	26565	37	8.3950725047811
18	26646	38	10.334387866348
18	27170	39	12.175541854916
18	28748	40	13.982992240534
18	30195	41	14.262817530328
18	30276	42	14.249962510204
18	30801	43	14.252112049361
18	30882	44	14.280722714584
18	32981	45	14.255012992363
18	33929	46	14.18250165403
18	34458	47	14.30327399995
18	34539	48	14.255295030736
18	35069	49	14.23358883607
18	36657	50	13.372400675927
18	38123	51	8.8798013813502
18	38204	52	6.5173092626968
18	38733	53	8.7347127628631
18	38814	54	10.69253145895
18	40847	55	12.496830441416
18	41733	56	14.290743537362
18	42262	57	14.19389102008
18	42333	58	14.223657739764
18	42758	59	14.248200551156
18	44062	60	14.269970397938
18	44991	61	14.203989937707
18	45062	62	14.200266388031
18	45489	63	14.301029182871
18	45560	64	14.204758678447
18	47219	65	14.226589823012
18	47794	66	14.219587911885
18	48219	67	14.239384857198
18	48280	68	12.9961837896
18	48610	69	8.5418192584693
18	49912	70	6.1758829931139
18	50490	71	8.3369484721
18	50551	72	10.417145073762
18	50878	73	12.337131834579
18	50940	74	14.191585258359
18	52299	75	14.235932113659
18	52608	76	14.271922165273
18	52935	77	12.276371361991
18	52996	78	7.8179266640221
18	53323	79	6.9137683284915
18	54618	80	6.7026514033272
18	55193	81	7.4354655577729
18	55254	82	9.4121804254918
18	55580	83	11.368873061812
18	55641	84	13.234279406115
18	57152	85	14.233591861295
18	57408	86	14.214271380658
18	57777	87	10.156613345646
18	57838	88	6.4343339194644
18	58164	89	8.6361487333647
18	59302	90	10.434497890881
18	59823	91	12.49253512608
18	59884	92	14.214380760978
18	60210	93	14.27837314643
18	60261	94	14.278902773944
18	60867	95	14.273101460581
18	61051	96	14.286009815646
18	61223	97	11.248266207949
18	61264	98	6.7646626536474
18	61435	99	8.3885683880928
18	61994	100	10.504661711796
18	62308	101	12.374081377587
18	62349	102	14.219066695118
18	62520	103	14.179334291993
18	62561	104	14.240361869543
18	63179	105	14.22319455904
18	63361	106	13.058894778061
18	63530	107	8.5989635222756
18	63571	108	5.6693840791909
18	63740	109	5.7237548655523
18	64237	110	6.7059066430917
18	64584	111	8.7343920927397
18	64625	112	10.496846357702
18	64794	113	12.617479740965
18	64835	114	14.289520294879
18	65423	115	14.205437439888
18	65605	116	14.20858576763
18	65774	117	14.226110413806
18	65815	118	14.240424730334
5	3	1	1229.8
5	830	2	1229.8
5	1350	3	1229.8
5	1431	4	1229.8
5	3506	5	1229.8
5	4228	6	1229.8
5	4746	7	1229.8
5	4827	8	1229.8
5	5344	9	1229.8
5	6762	10	1229.8
5	8047	11	1229.8
5	8128	12	1229.8
5	8645	13	1229.8
5	8726	14	1229.8
5	10680	15	1227.8644809944
5	11532	16	1219.0415799886
5	12051	17	1205.8296774797
5	12132	18	1191.668915552
5	12651	19	1177.4254464338
5	14087	20	1163.1960023745
5	15249	21	1148.9516095251
5	15330	22	1134.7084286646
5	15848	23	1120.4767282799
5	15929	24	1106.2591266262
5	17801	25	1092.0395689721
5	18590	26	1077.7845101773
5	19109	27	1063.5420774889
5	19190	28	1049.2939908637
5	19710	29	1035.0477123951
5	21219	30	1020.8381720374
5	22536	31	1006.5883044542
5	22617	32	992.34921355314
5	23140	33	978.08791412415
5	23221	34	963.86567124086
5	25102	35	951.95891397337
5	26041	36	944.4765402479
5	26565	37	937.01765944047
5	26646	38	927.60730959261
5	27170	39	916.27348298904
5	28748	40	903.10179394384
5	30195	41	888.87132770554
5	30276	42	874.61135704577
5	30801	43	860.37710156553
5	30882	44	846.1253838473
5	32981	45	831.86551282632
5	33929	46	817.62950767609
5	34458	47	803.4063858562
5	34539	48	789.17577942333
5	35069	49	774.94552089987
5	36657	50	760.83382134023
5	38123	51	749.93352801454
5	38204	52	743.09672032812
5	38733	53	735.40547412395
5	38814	54	725.92604279639
5	40847	55	715.38897250982
5	41733	56	703.34554092026
5	42262	57	690.61296151715
5	42333	58	677.87900526166
5	42758	59	665.14989952293
5	44062	60	652.40086916316
5	44991	61	639.65471291324
5	45062	62	626.9039712836
5	45489	63	614.15972512821
5	45560	64	601.43391740259
5	47219	65	588.7086695653
5	47794	66	575.96739911972
5	48219	67	563.23375641541
5	48280	68	550.69848912486
5	48610	69	541.25841304299
5	49912	70	535.44891961959
5	50490	71	529.30966347097
5	50551	72	525.07034929897
5	50878	73	523.46700788604
5	50940	74	520.2
5	52299	75	520.2
5	52608	76	520.2
5	52935	77	520.2
5	52996	78	520.2
5	53323	79	520.2
5	54618	80	517.8134091267
5	55193	81	511.15271812074
5	55254	82	502.61545269847
5	55580	83	492.14618544192
5	55641	84	479.77200558266
5	57152	85	465.74097729301
5	57408	86	451.50423158285
5	57777	87	439.34430738746
5	57838	88	431.54762798621
5	58164	89	424.13063537873
5	59302	90	416.56836410426
5	59823	91	408.40429788485
5	59884	92	398.8068157736
5	60210	93	388.73212150718
5	60261	94	378.66648283605
5	60867	95	368.58780417293
5	61051	96	358.52339222159
5	61223	97	349.26479414383
5	61264	98	343.05667679488
5	61435	99	337.66617260681
5	61994	100	330.31822806865
5	62308	101	324.17781307783
5	62349	102	320.2
5	62520	103	320.2
5	62561	104	320.2
5	63179	105	320.2
5	63361	106	320.2
5	63530	107	320.2
5	63571	108	319.9190534886
5	63740	109	315.8307220843
5	64237	110	311.41475140022
5	64584	111	305.90581470116
5	64625	112	299.03244757939
5	64794	113	290.80421370905
5	64835	114	281.16002439449
5	65423	115	271.09563747736
5	65605	116	261.02868956392
5	65774	117	250.97008381568
5	65815	118	240.89707117626
4	3	1	653.4290248796
4	830	2	656.54226529988
4	1350	3	661.70336390027
4	1431	4	668.90934159291
4	3506	5	677.97289374659
4	4228	6	688.90239125488
4	4746	7	701.51277672742
4	4827	8	715.64176861856
4	5344	9	729.89188329441
4	6762	10	744.12857427231
4	8047	11	758.36852510308
4	8128	12	772.60248771183
4	8645	13	786.84348657113
4	8726	14	801.07802679009
4	10680	15	814.97887613918
4	11532	16	825.42493778464
4	12051	17	829.35651013158
4	12132	18	829.8
4	12651	19	829.8
4	14087	20	829.8
4	15249	21	829.8
4	15330	22	829.8
4	15848	23	829.8
4	15929	24	829.8
4	17801	25	829.8
4	18590	26	829.8
4	19109	27	829.8
4	19190	28	829.8
4	19710	29	829.8
4	21219	30	829.8
4	22536	31	829.8
4	22617	32	829.8
4	23140	33	829.8
4	23221	34	829.8
4	25102	35	829.8
4	26041	36	829.8
4	26565	37	829.8
4	26646	38	829.8
4	27170	39	829.8
4	28748	40	829.8
4	30195	41	829.8
4	30276	42	829.8
4	30801	43	829.8
4	30882	44	829.8
4	32981	45	826.6
4	33929	46	826.6
4	34458	47	826.6
4	34539	48	826.6
4	35069	49	826.6
4	36657	50	826.6
4	38123	51	826.6
4	38204	52	826.6
4	38733	53	826.5645704382
4	38814	54	825.92830147883
4	40847	55	821.88927398062
4	41733	56	815.95801471958
4	42262	57	809.59208149318
4	42333	58	803.22545987913
4	42758	59	796.86126338766
4	44062	60	790.4871051435
4	44991	61	784.11438387381
4	45062	62	777.73937004263
4	45489	63	771.36760376672
4	45560	64	765.00505618947
4	47219	65	758.64278854071
4	47794	66	752.27251003639
4	48219	67	745.90604518916
4	48280	68	739.63876249487
4	48610	69	734.91898874858
4	49912	70	732.01440468578
4	50490	71	727.83368764896
4	50551	72	719.50305567885
4	50878	73	708.1551382702
4	50940	74	694.8874257268
4	52299	75	680.63149475916
4	52608	76	666.39971870588
4	52935	77	652.6972408055
4	52996	78	642.87093626229
4	53323	79	636.43550459959
4	54618	80	630.60804547602
4	55193	81	626.6
4	55254	82	626.6
4	55580	83	626.6
4	55641	84	626.6
4	57152	85	626.6
4	57408	86	626.6
4	57777	87	626.6
4	57838	88	626.6
4	58164	89	624.7316076943
4	59302	90	618.83238982587
4	59823	91	610.67429788485
4	59884	92	601.0768157736
4	60210	93	591.00212150718
4	60261	94	580.93648283605
4	60867	95	570.85780417293
4	61051	96	560.79339222159
4	61223	97	551.53479414383
4	61264	98	545.32667679488
4	61435	99	540.22116697845
4	61994	100	534.14348242069
4	62308	101	524.85070169722
4	62349	102	511.4977836226
4	62520	103	497.26966453862
4	62561	104	483.03191535366
4	63179	105	468.78062953681
4	63361	106	454.76003583903
4	63530	107	444.14765665469
4	63571	108	437.66764125033
4	63740	109	436.753647366
4	64237	110	440.84524859978
4	64584	111	446.35418529884
4	64625	112	453.22755242061
4	64794	113	461.45578629095
4	64835	114	471.09997560551
4	65423	115	481.16436252264
4	65605	116	491.23131043608
4	65774	117	501.28991618432
4	65815	118	511.36292882374
33	1350	3	4.6154744391949
33	1431	4	4.9031319399221
33	3506	5	6.1824207213188
33	4228	6	6.6374716315995
33	4746	7	3.8052141717456
33	4827	8	1.792500820871
33	5344	9	1.7117791984323
33	6762	10	2.1088833499113
33	8047	11	1.5928787015522
33	8128	12	1.8944772040235
33	8645	13	2.1391750866133
33	8726	14	1.7701666688899
33	10680	15	1.660844980097
33	11532	16	2.1964792771976
33	12051	17	1.8492598017583
33	12132	18	0.973
33	12651	19	0.973
33	14087	20	0.973
33	15249	21	1.18794814404
33	15330	22	2.8865358656642
33	15848	23	4.3270522471675
33	15929	24	5.3067269861083
33	17801	25	6.8307212833804
33	18590	26	6.9152605335315
33	19109	27	2.3490069803366
33	19190	28	1.6277051199871
33	19710	29	1.9786086823013
33	21219	30	2.0456467180315
33	22536	31	1.8610562144889
33	22617	32	1.5456859807125
33	23140	33	2.0263322893314
33	23221	34	1.6811793516896
33	25102	35	1.8778138942811
33	26041	36	2.0683680969647
33	26565	37	1.974366836934
33	26646	38	1.6811383881613
33	27170	39	0.973
33	28748	40	0.973
33	30195	41	6.3150388025079
33	30276	42	0.973
33	30801	43	6.8481437297604
33	30882	44	6.5686649672207
33	32981	45	4.5052043487158
33	33929	46	1.7272313530503
33	34458	47	1.7344547435957
33	34539	48	0.973
33	35069	49	0.973
33	36657	50	4.7705828458557
33	38123	51	6.0590625484245
33	38204	52	6.9451498586372
33	38733	53	3.5294745623068
33	38814	54	2.1358981680595
33	40847	55	1.8074275835378
33	41733	56	1.8175940967212
33	42262	57	1.91994649544
33	42333	58	1.7725335867335
33	42758	59	1.9775128117195
33	44062	60	1.6300287254623
33	44991	61	1.8168607369456
33	45062	62	2.1408117688077
33	45489	63	1.6232175475823
33	45560	64	1.8402989495465
33	47219	65	2.1015544010433
33	47794	66	1.6374291112689
33	48219	67	2.1239637588037
33	48280	68	1.7840500706894
33	48610	69	1.8794615937772
33	49912	70	1.8673206714319
33	50490	71	1.9776537864778
33	50551	72	1.7311390892892
33	50878	73	2.0637941707213
33	50940	74	1.6795054194221
33	52299	75	1.69230539291
33	52608	76	1.9204064495382
33	52935	77	2.123345692192
33	52996	78	1.8360122879649
33	53323	79	1.580316625209
33	54618	80	2.0655015035267
33	55193	81	0.973
33	55254	82	0.973
33	55580	83	4.6200714790733
33	55641	84	6.1086313629647
33	57152	85	1.6585421122914
33	57408	86	2.9971670823259
33	57777	87	7.7222361346976
33	57838	88	1.9038422817554
33	58164	89	1.7455452553638
33	59302	90	1.9476880059081
33	59823	91	1.844986605988
33	59884	92	1.8177111969657
33	60210	93	1.9940159204473
33	60261	94	1.8918932603477
33	60867	95	1.9108763878958
33	61051	96	1.8665643070471
33	61223	97	1.7066174726699
33	61264	98	0.973
33	61435	99	0.973
33	61994	100	2.1867209610659
33	62308	101	6.3025218750276
33	62349	102	7.1464933973751
33	62520	103	4.6952260799756
33	62561	104	1.8982769573166
33	63179	105	1.802939950095
33	63361	106	1.7398310771212
33	63530	107	1.9162277185629
33	63571	108	2.1614612681401
33	63740	109	1.5921958828557
33	64237	110	1.7680795529164
33	64584	111	1.976149513988
33	64625	112	2.1220054755744
33	64794	113	1.8863906435879
33	64835	114	1.5132915970532
33	65423	115	2.0603389687876
33	65605	116	0.973
33	65774	117	0.973
33	65815	118	6.1146331625784
33	65984	119	6.2160649607413
33	66288	120	7.9984152604818
33	66516	121	2.0936723723612
33	66547	122	1.5819006848298
33	66658	123	1.8520855896024
33	66690	124	1.9335575072112
33	67043	125	1.8201318226266
33	67191	126	1.8430149501137
33	67301	127	1.8127092091983
33	67332	128	2.1632576210738
33	67442	129	1.7295927763261
33	67697	130	1.7903199769516
33	67924	131	2.1563485599536
33	67955	132	1.5140735933183
33	68065	133	2.0369798978798
33	68096	134	1.8773599971293
33	68399	135	1.696288268053
33	68545	136	0.973
33	68653	137	0.973
33	68684	138	6.0218104549754
33	68792	139	0.973
33	69014	140	0.973
33	69267	141	0.973
33	69298	142	0.973
33	69406	143	0.973
33	69437	144	0.973
33	69766	145	0.973
33	69942	146	1.5127164261596
33	70050	147	3.0218556754124
33	70081	148	3.7761279294999
33	70189	149	5.3969293125581
33	70411	150	5.9171507805835
33	70634	151	7.245970887447
33	70665	152	4.4851634065564
33	70773	153	1.6406719287244
33	70804	154	2.0547077003854
33	71133	155	2.0063127855941
33	71279	156	1.874573979305
33	71387	157	1.8317236171129
33	71418	158	1.8207806825057
33	71526	159	1.7087642047126
33	71748	160	1.9485616563929
33	71971	161	1.9342534335337
33	72002	162	1.8676400771172
32	1350	3	2.1341077044327
32	1431	4	1.7558462764183
32	3506	5	1.8998782145116
32	4228	6	1.7294977116864
32	4746	7	0.65658369464602
32	4827	8	-0.025339892802293
32	5344	9	-0.051429100504611
32	6762	10	0.081087974000257
32	8047	11	-0.091766242960002
32	8128	12	0.010919353358913
32	8645	13	0.090974656823091
32	8726	14	-0.033115560831503
32	10680	15	-0.068554084743372
32	11532	16	0.11005666191923
32	12051	17	-0.0072716927225702
32	12132	18	-0.71816832052352
32	12651	19	-4.4876446802262
32	14087	20	-3.8205397455622
32	15249	21	-0.10033779142657
32	15330	22	1.4159890756058
32	15848	23	1.8676811397308
32	15929	24	1.8759857726167
32	17801	25	2.0550698044244
32	18590	26	1.7386006253515
32	19109	27	0.16248480868047
32	19190	28	-0.080155057325028
32	19710	29	0.038309124228544
32	21219	30	0.059028985160403
32	22536	31	-0.003364483278709
32	22617	32	-0.10784664975247
32	23140	33	0.054464927751106
32	23221	34	-0.061378493201918
32	25102	35	0.0056666839751411
32	26041	36	0.068308635761495
32	26565	37	0.035194572408217
32	26646	38	-0.062573588094674
32	27170	39	-2.4583287003505
32	28748	40	-3.0700165248829
32	30195	41	2.206634343625
32	30276	42	-1.5068250005616
32	30801	43	2.2445625914377
32	30882	44	1.7465961651294
32	32981	45	0.89334352059575
32	33929	46	-0.047112132571639
32	34458	47	-0.043487622796091
32	34539	48	-1.470591420009
32	35069	49	-4.5
32	36657	50	1.7030258554034
32	38123	51	1.8692658509198
32	38204	52	1.8375793105783
32	38733	53	0.56891082880711
32	38814	54	0.089889578847215
32	40847	55	-0.020793792449403
32	41733	56	-0.016854354140815
32	42262	57	0.017373984714505
32	42333	58	-0.031766807462555
32	42758	59	0.036742421188391
32	44062	60	-0.079235821263865
32	44991	61	-0.015009772123303
32	45062	62	0.092211747907568
32	45489	63	-0.081460199644788
32	45560	64	-0.0071065111341895
32	47219	65	0.079237405823077
32	47794	66	-0.076500898969824
32	48219	67	0.086471778757405
32	48280	68	-0.028053923679982
32	48610	69	0.0042573236301546
32	49912	70	0.00012668601004329
32	50490	71	0.036410967365374
32	50551	72	-0.045908624117729
32	50878	73	0.064923458776903
32	50940	74	-0.06350844010478
32	52299	75	-0.057675852256361
32	52608	76	0.019645909678657
32	52935	77	0.085667178840376
32	52996	78	-0.011348283498082
32	53323	79	-0.095903630007523
32	54618	80	0.067496208180673
32	55193	81	-1.550022102606
32	55254	82	-4.5
32	55580	83	1.6435589338047
32	55641	84	1.9014984979969
32	57152	85	-0.0016056821319257
32	57408	86	0.52548151319847
32	57777	87	1.9887822196223
32	57838	88	0.011929967706092
32	58164	89	-0.040689306329003
32	59302	90	0.027248364116531
32	59823	91	-0.0074217707384392
32	59884	92	-0.016222004264128
32	60210	93	0.042352984084284
32	60261	94	0.00747901015915
32	60867	95	0.013488948566373
32	61051	96	-0.0014721311186445
32	61223	97	-0.054235748627688
32	61264	98	-0.94402304553173
32	61435	99	-4.5
32	61994	100	0.4043682191614
32	62308	101	2.0954560517194
32	62349	102	1.98102724639
32	62520	103	0.96251091562424
32	62561	104	0.010650683052372
32	63179	105	-0.021148327668199
32	63361	106	-0.041516264358069
32	63530	107	0.018170365511905
32	63571	108	0.098045079258737
32	63740	109	-0.092499219020828
32	64237	110	-0.031644269104582
32	64584	111	0.03820578660816
32	64625	112	0.08473725827178
32	64794	113	0.0048433220549491
32	64835	114	-0.11893451690208
32	65423	115	0.065598194182385
32	65605	116	-2.5171163962129
32	65774	117	-3.7674867170544
32	65815	118	2.2985667990101
32	65984	119	1.8613382474799
32	66288	120	2.0902791075339
32	66516	121	0.075421729619409
32	66547	122	-0.095740607616026
32	66658	123	-0.0034160546865323
32	66690	124	0.023634198969232
32	67043	125	-0.014590399917216
32	67191	126	-0.0065864734561192
32	67301	127	-0.016453132191671
32	67332	128	0.099513054552952
32	67442	129	-0.046284784600138
32	67697	130	-0.024911182227079
32	67924	131	0.096212029706221
32	67955	132	-0.11865338820266
32	68065	133	0.057953477618284
32	68096	134	0.0035683980491008
32	68399	135	-0.056528270167764
32	68545	136	-2.1935762572656
32	68653	137	-4.4968419639453
32	68684	138	2.3770177831408
32	68792	139	-1.9533185042399
32	69014	140	-4.4880356423419
32	69267	141	-1.3952921210507
32	69298	142	0
32	69406	143	0
32	69437	144	0
32	69766	145	0
32	69942	146	1.196212890284
32	70050	147	2.1595287785961
32	70081	148	1.8958275233232
32	70189	149	2.174163296828
32	70411	150	1.9043545470713
32	70634	151	1.9981628138898
32	70665	152	0.88894186323539
32	70773	153	-0.075323645570316
32	70804	154	0.063883521170355
32	71133	155	0.045861013578252
32	71279	156	0.0012068580603231
32	71387	157	-0.012924847605174
32	71418	158	-0.016164336611983
32	71526	159	-0.052812818328384
32	71748	160	0.028021813163068
32	71971	161	0.02243045018753
32	72002	162	-0.00018050693441118
20	830	2	4.0581920730798
20	1350	3	6.1922997775125
20	1431	4	7.9481460539308
20	3506	5	9.8480242684423
20	4228	6	11.577521980129
20	4746	7	12.234105674775
20	4827	8	12.208765781972
20	5344	9	12.157336681468
20	6762	10	12.238424655468
20	8047	11	12.146658412508
20	8128	12	12.157577765867
20	8645	13	12.24855242269
20	8726	14	12.215436861859
20	10680	15	12.146882777115
20	11532	16	12.256939439034
20	12051	17	12.249667746312
20	12132	18	11.531499425788
20	12651	19	7.0438547455622
20	14087	20	3.223315
20	15249	21	3.1229772085734
20	15330	22	4.5389662841792
20	15848	23	6.40664742391
20	15929	24	8.2826331965267
20	17801	25	10.337703000951
20	18590	26	12.076303626303
20	19109	27	12.238788434983
20	19190	28	12.158633377658
20	19710	29	12.196942501887
20	21219	30	12.255971487047
20	22536	31	12.252607003768
20	22617	32	12.144760354016
20	23140	33	12.199225281767
20	23221	34	12.137846788565
20	25102	35	12.14351347254
20	26041	36	12.211822108302
20	26565	37	12.24701668071
20	26646	38	12.184443092615
20	27170	39	9.7261143922648
20	28748	40	6.6560978673819
20	30195	41	8.862732211007
20	30276	42	7.3559072104454
20	30801	43	9.6004698018831
20	30882	44	11.347065967013
20	32981	45	12.240409487608
20	33929	46	12.193297355037
20	34458	47	12.149809732241
20	34539	48	10.679218312232
20	35069	49	6.1792183122316
20	36657	50	7.882244167635
20	38123	51	9.7515100185547
20	38204	52	11.589089329133
20	38733	53	12.15800015794
20	38814	54	12.247889736787
20	40847	55	12.227095944338
20	41733	56	12.210241590197
20	42262	57	12.227615574912
20	42333	58	12.195848767449
20	42758	59	12.232591188637
20	44062	60	12.153355367374
20	44991	61	12.13834559525
20	45062	62	12.230557343158
20	45489	63	12.149097143513
20	45560	64	12.141990632379
20	47219	65	12.221228038202
20	47794	66	12.144727139232
20	48219	67	12.23119891799
20	48280	68	12.20314499431
20	48610	69	12.20740231794
20	49912	70	12.20752900395
20	50490	71	12.243939971315
20	50551	72	12.198031347197
20	50878	73	12.262954805974
20	50940	74	12.19944636587
20	52299	75	12.141770513613
20	52608	76	12.161416423292
20	52935	77	12.247083602132
20	52996	78	12.235735318634
20	53323	79	12.139831688627
20	54618	80	12.207327896807
20	55193	81	10.657305794201
20	55254	82	6.1573057942013
20	55580	83	7.800864728006
20	55641	84	9.702363226003
20	57152	85	9.700757543871
20	57408	86	10.22623905707
20	57777	87	12.215021276692
20	57838	88	12.226951244398
20	58164	89	12.186261938069
20	59302	90	12.213510302185
20	59823	91	12.206088531447
20	59884	92	12.189866527183
20	60210	93	12.232219511267
20	60261	94	12.239698521426
20	60867	95	12.253187469993
20	61051	96	12.251715338874
20	61223	97	12.197479590246
20	61264	98	11.253456544715
20	61435	99	6.7534565447146
20	61994	100	7.1578247638761
20	62308	101	9.2532808155954
20	62349	102	11.234308061985
20	62520	103	12.19681897761
20	62561	104	12.207469660662
20	63179	105	12.186321332994
20	63361	106	12.144805068636
20	63530	107	12.162975434148
20	63571	108	12.261020513406
20	63740	109	12.168521294386
20	64237	110	12.136877025281
20	64584	111	12.175082811889
20	64625	112	12.259820070161
20	64794	113	12.264663392216
20	64835	114	12.145728875314
20	65423	115	12.211327069496
20	65605	116	9.6942106732833
20	65774	117	5.9267239562288
20	65815	118	8.225290755239
20	65984	119	10.086629002719
20	66288	120	12.176908110253
20	66516	121	12.252329839872
20	66547	122	12.156589232256
20	66658	123	12.15317317757
20	66690	124	12.176807376539
20	67043	125	12.162216976622
20	67191	126	12.155630503165
20	67301	127	12.139177370974
20	67332	128	12.238690425527
20	67442	129	12.192405640927
20	67697	130	12.1674944587
20	67924	131	12.263706488406
20	67955	132	12.145053100203
20	68065	133	12.203006577821
20	68096	134	12.20657497587
20	68399	135	12.150046705703
20	68545	136	9.9564704484371
20	68653	137	5.4596284844917
20	68684	138	7.8366462676325
20	68792	139	5.8833277633926
20	69014	140	1.3952921210507
20	69267	141	0
20	69298	142	0
20	69406	143	0
20	69437	144	0
20	69766	145	0
20	69942	146	1.196212890284
20	70050	147	3.3557416688801
20	70081	148	5.2515691922033
20	70189	149	7.4257324890314
20	70411	150	9.3300870361026
20	70634	151	11.328249849992
20	70665	152	12.217191713228
20	70773	153	12.141868067657
20	70804	154	12.205751588828
20	71133	155	12.251612602406
20	71279	156	12.252819460466
20	71387	157	12.239894612861
20	71418	158	12.223730276249
20	71526	159	12.170917457921
20	71748	160	12.198939271084
20	71971	161	12.221369721271
20	72002	162	12.221189214337
9	3	1	1139.0981554786
9	830	2	1141.9485870297
9	1350	3	1146.5938733734
9	1431	4	1152.9804076851
9	3506	5	1159.6033051057
9	4228	6	1169.2507587799
9	4746	7	1180.1077252036
9	4827	8	1191.0293551713
9	5344	9	1201.9411975062
9	6762	10	1212.8636386141
9	8047	11	1223.7971216722
9	8128	12	1234.6968447906
9	8645	13	1245.6075319002
9	8726	14	1256.5169859357
9	10680	15	1267.4108833424
9	11532	16	1278.3295900555
9	12051	17	1289.2528572953
9	12132	18	1300.0557273345
9	12651	19	1308.161683206
9	14087	20	1312.0923315
9	15249	21	1311.1842550909
9	15330	22	1307.8136172634
9	15848	23	1302.859682978
9	15929	24	1296.2322567387
9	17801	25	1287.7877947745
9	18590	26	1277.6521128831
9	19109	27	1266.7399388766
9	19190	28	1255.8371921578
9	19710	29	1244.9337985072
9	21219	30	1234.0199555229
9	22536	31	1223.1003345128
9	22617	32	1212.1713180018
9	23140	33	1201.2611484494
9	23221	34	1190.3513174231
9	25102	35	1179.4439908964
9	26041	36	1168.5238384875
9	26565	37	1157.6017711538
9	26646	38	1146.7140016799
9	27170	39	1136.5458551288
9	28748	40	1129.9445073079
9	30195	41	1124.9273817444
9	30276	42	1123.5303468682
9	30801	43	1123.4
9	30882	44	1123.4
9	32981	45	1123.4
9	33929	46	1123.4
9	34458	47	1123.4
9	34539	48	1120.2
9	35069	49	1120.2
9	36657	50	1120.2
9	38123	51	1120.2
9	38204	52	1120.2
9	38733	53	1120.2
9	38814	54	1120.2
9	40847	55	1120.2
9	41733	56	1120.2
9	42262	57	1120.2
9	42333	58	1120.2
9	42758	59	1120.2
9	44062	60	1120.2
9	44991	61	1120.2
9	45062	62	1120.2
9	45489	63	1120.2
9	45560	64	1120.2
9	47219	65	1120.2
9	47794	66	1120.2
9	48219	67	1120.2
9	48280	68	1120.2
9	48610	69	1120.2
9	49912	70	1120.2
9	50490	71	1120.2
9	50551	72	1120.2
9	50878	73	1120.2
9	50940	74	1120.2
9	52299	75	1120.2
9	52608	76	1120.2
9	52935	77	1120.2
9	52996	78	1120.2
9	53323	79	1120.2
9	54618	80	1120.2
9	55193	81	1120.2
9	55254	82	1120.2
9	55580	83	1119.9307435138
9	55641	84	1117.5592025973
9	57152	85	1110.3797091649
9	57408	86	1100.651222961
9	57777	87	1089.1834647592
9	57838	88	1076.9888324021
9	58164	89	1064.799176816
9	59302	90	1052.6029919833
9	59823	91	1040.3845785596
9	59884	92	1028.1750179926
9	60210	93	1015.9643419873
9	60261	94	1003.7531594588
9	60867	95	991.56551946053
9	61051	96	979.3735772428
9	61223	97	967.18516047209
9	61264	98	955.11469874546
9	61435	99	946.33624220074
9	61994	100	940.07634883411
9	62308	101	931.78462665483
9	62349	102	921.38166169336
9	62520	103	909.36696769096
9	62561	104	897.16214547268
9	63179	105	884.96702013472
9	63361	106	872.76774917425
9	63530	107	860.5843751902
9	63571	108	848.39300037006
9	63740	109	836.17752541563
9	64237	110	823.98574845922
9	64584	111	811.77238777308
9	64625	112	799.56444698487
9	64794	113	787.36581108997
9	64835	114	775.1830575135
9	65423	115	762.97309306899
9	65605	116	751.60904731108
9	65774	117	744.30082601144
9	65815	118	736.95104487564
9	65984	119	727.51845729362
9	66288	120	716.6224504573
9	66516	121	705.49471983491
9	66547	122	694.5722326539
9	66658	123	683.64225010514
9	66690	124	672.72691529608
9	67043	125	661.82906578699
9	67191	126	650.92099143521
9	67301	127	640.02999778179
9	67332	128	629.0975197
9	67442	129	618.18591717998
9	67697	130	607.28719455514
9	67924	131	596.37556345809
9	67955	132	585.45303185285
9	68065	133	574.54710837216
9	68096	134	563.63079569427
9	68399	135	552.72129060154
9	68545	136	542.41063137238
9	68653	137	535.7182972005
9	68684	138	529.6846446746
9	68792	139	522.96725768216
9	69014	140	519.70665863121
9	69267	141	519.56179049852
9	69298	142	519.56179049852
9	69406	143	519.56179049852
9	69437	144	519.56179049852
9	69766	145	519.56179049852
9	69942	146	519.21137213857
9	70050	147	516.87517699227
9	70081	148	512.56258028581
9	70189	149	506.08280427593
9	70411	150	497.57500119796
9	70634	151	487.18032975739
9	70665	152	475.08102353848
9	70773	153	462.88301792435
9	70804	154	450.68155754663
9	71133	155	438.47705201968
9	71279	156	426.27106339722
9	71387	157	414.04664419524
9	71418	158	401.83051980553
9	71526	159	389.62340443782
9	71748	160	377.41985783597
9	71971	161	365.22984308001
9	72002	162	353.0225107729
8	3	1	1326.6790777393
8	830	2	1328.1042935149
8	1350	3	1330.4269366867
8	1431	4	1333.6202038426
8	3506	5	1340.5166525529
8	4228	6	1345.34037939
8	4746	7	1350.7688626018
8	4827	8	1356.2296775856
8	5344	9	1361.6855987531
8	6762	10	1367.146819307
8	8047	11	1372.6135608361
8	8128	12	1378.0634223953
8	8645	13	1383.5187659501
8	8726	14	1388.9734929678
8	10680	15	1394.4204416712
8	11532	16	1399.8797950278
8	12051	17	1405.3414286476
8	12132	18	1410.7428636672
8	12651	19	1414.795841603
8	14087	20	1417.1596032986
8	15249	21	1419.3537301284
8	15330	22	1418.1968086317
8	15848	23	1415.719841489
8	15929	24	1412.4061283694
8	17801	25	1408.1838973873
8	18590	26	1403.1160564416
8	19109	27	1397.6599694383
8	19190	28	1392.2085960789
8	19710	29	1386.7568992536
8	21219	30	1381.2999777614
8	22536	31	1375.8401672564
8	22617	32	1370.3756590009
8	23140	33	1364.9205742247
8	23221	34	1359.4656587116
8	25102	35	1354.0119954482
8	26041	36	1348.5519192437
8	26565	37	1343.0908855769
8	26646	38	1337.64700084
8	27170	39	1332.5629275644
8	28748	40	1329.0893397429
8	30195	41	1323.1212207398
8	30276	42	1316.0763199643
8	30801	43	1307.4597692708
8	30882	44	1296.8807367048
8	32981	45	1284.8238308023
8	33929	46	1272.6291082849
8	34458	47	1260.4172498675
8	34539	48	1248.557329701
8	35069	49	1240.3531113887
8	36657	50	1233.4958558391
8	38123	51	1224.5451603512
8	38204	52	1213.765943021
8	38733	53	1201.6671137936
8	38814	54	1189.440097695
8	40847	55	1177.2384271064
8	41733	56	1165.027771655
8	42262	57	1152.8097150638
8	42333	58	1140.6176435703
8	42758	59	1128.3957230642
8	44062	60	1116.2064151288
8	44991	61	1104.0142457356
8	45062	62	1091.8157667393
8	45489	63	1079.6174847969
8	45560	64	1067.4233323358
8	47219	65	1055.2295773759
8	47794	66	1043.0694367176
8	48219	67	1030.8613978809
8	48280	68	1018.6711649461
8	48610	69	1006.4748504912
8	49912	70	994.2644085826
8	50490	71	982.04448716571
8	50551	72	969.8302321655
8	50878	73	957.62369350046
8	50940	74	945.43452429597
8	52299	75	933.23608019831
8	52608	76	921.02863728251
8	52935	77	908.83273302481
8	52996	78	896.63052292419
8	53323	79	884.43928261638
8	54618	80	872.23623788625
8	55193	81	860.39080760399
8	55254	82	852.20850180979
8	55580	83	845.39026411067
8	55641	84	837.04848968935
8	57152	85	830.89583261187
8	57408	86	829.8
8	57777	87	829.8
8	57838	88	829.8
8	58164	89	829.8
8	59302	90	829.8
8	59823	91	829.8
8	59884	92	829.8
8	60210	93	829.8
8	60261	94	829.8
8	60867	95	829.8
8	61051	96	829.8
8	61223	97	829.8
8	61264	98	829.8
8	61435	99	829.8
8	61994	100	829.8
8	62308	101	829.8
8	62349	102	829.8
8	62520	103	829.8
8	62561	104	829.8
8	63179	105	829.8
8	63361	106	829.8
8	63530	107	829.8
8	63571	108	829.8
8	63740	109	829.8
8	64237	110	829.8
8	64584	111	829.8
8	64625	112	829.8
8	64794	113	829.8
8	64835	114	829.8
8	65423	115	829.8
8	65605	116	829.8
8	65774	117	829.8
8	65815	118	829.76408925864
8	65984	119	829.28115040396
8	66288	120	825.99586376248
8	66516	121	820.61721586459
8	66547	122	815.15566647625
8	66658	123	809.69036919418
8	66690	124	804.23239619206
8	67043	125	798.78316632946
8	67191	126	793.32882375925
8	67301	127	787.88302201643
8	67332	128	782.41647689798
8	67442	129	776.96037014487
8	67697	130	771.51070369995
8	67924	131	766.05458265752
8	67955	132	760.59301105582
8	68065	133	755.13974398137
8	68096	134	749.68128201746
8	68399	135	744.22622403672
8	68545	136	739.0706057537
8	68653	137	735.72425130189
8	68684	138	732.75365403955
8	68792	139	730.25138879292
8	69014	140	729.87593544433
8	69267	141	729.87378127135
8	69298	142	729.87378127135
8	69406	143	729.87378127135
8	69437	144	729.87378127135
8	69766	145	729.87378127135
8	69942	146	729.86857058942
8	70050	147	729.83383162814
8	70081	148	729.8
8	70189	149	729.8
8	70411	150	729.8
8	70634	151	729.8
8	70665	152	729.8
8	70773	153	729.8
8	70804	154	729.8
8	71133	155	729.8
8	71279	156	729.8
8	71387	157	729.8
8	71418	158	729.8
8	71526	159	729.8
8	71748	160	729.8
8	71971	161	729.8
8	72002	162	729.8
39	1350	3	6.1434594415776
39	1431	4	5.692042215099
39	3506	5	1.5319649597621
39	4228	6	1.9563616299449
39	4746	7	1.5680081847251
39	4827	8	1.7703022186459
39	5344	9	1.859567413684
39	6762	10	1.6038090302164
39	8047	11	1.8680754523597
39	8128	12	1.5464474596231
39	8645	13	1.647316928413
39	8726	14	1.8954369603943
39	10680	15	0.973
39	11532	16	0.973
39	12051	17	0.973
39	12132	18	1.3144015173789
39	12651	19	1.3044758718797
39	14087	20	4.8889039058846
39	15249	21	5.6193870353405
39	15330	22	6.2547030544243
39	15848	23	1.8335403209999
39	15929	24	1.8472609462159
39	17801	25	1.6369013792264
39	18590	26	1.6235251609817
39	19109	27	1.7257531778894
39	19190	28	1.8624070603568
39	19710	29	1.5956425869101
39	21219	30	1.9053605842737
39	22536	31	1.7790195243706
39	22617	32	0.973
39	23140	33	0.973
39	23221	34	6.2910149264067
39	25102	35	6.1027046528267
39	26041	36	1.9303949923188
39	26565	37	1.6417341235277
39	26646	38	1.816450676913
39	27170	39	0.973
39	28748	40	0.973
39	30195	41	6.0280780554446
39	30276	42	1.415867622947
39	30801	43	1.6818696303142
39	30882	44	2.058325122824
39	32981	45	6.6140256392935
39	33929	46	1.8607202439469
39	34458	47	1.4606350373894
39	34539	48	1.8722388410283
39	35069	49	1.5797873068323
39	36657	50	2.0474063657302
39	38123	51	1.6508456663407
39	38204	52	1.607683330194
39	38733	53	1.6265085936568
39	38814	54	1.7785971159122
39	40847	55	1.7008355467607
39	41733	56	1.8928489430282
39	42262	57	1.7351812411057
39	42333	58	1.8101702408305
39	42758	59	0.973
39	44062	60	3.3882178217899
39	44991	61	5.8076257388125
39	45062	62	4.7633667799044
39	45489	63	1.6419405395994
39	45560	64	1.9119118608859
39	47219	65	1.6350668942962
39	47794	66	1.8161622490796
39	48219	67	1.6700726414178
39	48280	68	1.5932494747631
39	48610	69	1.8122802336625
39	49912	70	1.6761256113156
39	50490	71	1.796119832699
39	50551	72	1.6833980478769
39	50878	73	1.8010705134085
39	50940	74	1.8833795253294
39	52299	75	1.5267590786627
39	52608	76	1.8872146661979
39	52935	77	1.556885778084
39	52996	78	0.973
39	53323	79	0.973
39	54618	80	5.8506470165369
39	55193	81	6.6545570886044
39	55254	82	3.5202847182458
39	55580	83	1.9424928382968
39	55641	84	1.7210427890979
39	57152	85	1.6276986257123
39	57408	86	1.7392026282842
39	57777	87	1.5141304537905
39	57838	88	1.7900486154789
39	58164	89	1.9115563442475
39	59302	90	1.5295271999959
39	59823	91	1.7262221241363
39	59884	92	1.7988144306927
39	60210	93	1.8247069578914
39	60261	94	1.6348240349187
39	60867	95	1.7392735722926
39	61051	96	1.6969720203454
39	61223	97	1.8705165098517
39	61264	98	1.7280640755041
39	61435	99	1.6420349375797
39	61994	100	1.8447469154751
39	62308	101	0.973
39	62349	102	0.973
39	62520	103	6.0425876472872
39	62561	104	6.3605022447755
39	63179	105	1.6188023307636
39	63361	106	1.7577309347077
39	63530	107	1.8184405422461
39	63571	108	1.6739980566195
39	63740	109	1.901480294345
39	64237	110	1.5494336692645
39	64584	111	1.8200956006183
39	64625	112	1.7930150015908
39	64794	113	1.6562587723516
39	64835	114	1.7741855374738
39	65423	115	1.8028721316974
39	65605	116	1.7391458227309
39	65774	117	1.7348545098671
39	65815	118	1.699760371604
39	65984	119	0.973
39	66288	120	0.973
39	66516	121	5.8673270817013
39	66547	122	6.4806883333765
39	66658	123	3.0865088323905
39	66690	124	1.8623491938778
39	67043	125	1.6013472187535
39	67191	126	1.8304545320052
39	67301	127	1.5863169863624
39	67332	128	1.9562438361441
39	67442	129	1.4274979963298
39	67697	130	1.8158255206947
39	67924	131	1.9368439654626
39	67955	132	1.5586261811082
39	68065	133	1.8327358556261
39	68096	134	1.5000217662925
39	68399	135	1.8063532423679
39	68545	136	1.909344859727
39	68653	137	1.5586248157984
39	68684	138	1.9567700271638
39	68792	139	1.7081372240459
39	69014	140	1.5543036487108
39	69267	141	0.973
39	69298	142	0.973
39	69406	143	1.2933376377412
39	69437	144	1.5010981363555
39	69766	145	3.58340284269
39	69942	146	5.9254153823826
39	70050	147	5.2218109402831
39	70081	148	1.6771078793037
39	70189	149	1.7251239323941
39	70411	150	1.7045008510802
39	70634	151	1.6443909843144
39	70665	152	1.9396385411086
39	70773	153	1.7107257058171
39	70804	154	1.5911323582325
39	71133	155	1.6641901361636
39	71279	156	1.6616330807533
39	71387	157	1.9703511991775
39	71418	158	1.6110035119594
39	71526	159	1.7471036812342
39	71748	160	1.5895723752868
39	71971	161	1.957220721396
39	72002	162	1.5799057754742
39	72110	163	1.9211050656455
39	72131	164	1.6712253499151
38	1350	3	2.0819408777612
38	1431	4	1.5536136607027
38	3506	5	-0.07582155356882
38	4228	6	0.088293211185373
38	4746	7	-0.062243816112169
38	4827	8	0.016900878604501
38	5344	9	0.050208810602781
38	6762	10	-0.048629419405479
38	8047	11	0.053368368493393
38	8128	12	-0.070764572904444
38	8645	13	-0.030177492150106
38	8726	14	0.065397136860993
38	10680	15	-2.8923750612294
38	11532	16	-1.8000590803175
38	12051	17	-1.1302114183312
38	12132	18	-0.028888027344364
38	12651	19	-0.036167214268353
38	14087	20	2.0960195687506
38	15249	21	1.921865357419
38	15330	22	1.7924445538712
38	15848	23	0.042324074850452
38	15929	24	0.046090691336429
38	17801	25	-0.035432693117764
38	18590	26	-0.039614850750658
38	19109	27	0.00074306976748595
38	19190	28	0.052806190396659
38	19710	29	-0.050703624153975
38	21219	30	0.068998310414608
38	22536	31	0.018812593375333
38	22617	32	-0.91675564085467
38	23140	33	-3.076045236003
38	23221	34	2.2096880792268
38	25102	35	1.7236215411787
38	26041	36	0.0774077745853
38	26565	37	-0.034491715352052
38	26646	38	0.032912993924693
38	27170	39	-1.3214060869169
38	28748	40	-3.08
38	30195	41	2.1993928479699
38	30276	42	-0.074525402595754
38	30801	43	0.0556531158532
38	30882	44	0.2279318098654
38	32981	45	1.9236142372588
38	33929	46	0.050885010736529
38	34458	47	-0.10363726806594
38	34539	48	0.057091827909462
38	35069	49	-0.056517945667728
38	36657	50	0.12315319997026
38	38123	51	-0.031017199719789
38	38204	52	-0.046698701637798
38	38733	53	-0.038235125849024
38	38814	54	0.021180484707003
38	40847	55	-0.0092169457208371
38	41733	56	0.064201143765821
38	42262	57	0.0022556872805595
38	42333	58	0.030635717762634
38	42758	59	-4.1791121756976
38	44062	60	1.0437770332536
38	44991	61	1.8563137189671
38	45062	62	1.1976922191858
38	45489	63	-0.032014675794635
38	45560	64	0.072002338420134
38	47219	65	-0.035740138769617
38	47794	66	0.034441099050456
38	48219	67	-0.022297240700572
38	48280	68	-0.051196153864732
38	48610	69	0.034261675437447
38	49912	70	-0.018866361512337
38	50490	71	0.027595555868466
38	50551	72	-0.016327405495103
38	50878	73	0.029112471737898
38	50940	74	0.059314985219389
38	52299	75	-0.07836752631003
38	52608	76	0.061439221159089
38	52935	77	-0.066370077345054
38	52996	78	-0.68054812050027
38	53323	79	-4.444014174862
38	54618	80	2.3244270993653
38	55193	81	2.1042206700286
38	55254	82	0.70683667469673
38	55580	83	0.082067438778468
38	55641	84	-0.0043641933728935
38	57152	85	-0.039782742927782
38	57408	86	0.0038648923509754
38	57777	87	-0.08253755792277
38	57838	88	0.025717402086594
38	58164	89	0.070960320252924
38	59302	90	-0.076919409960974
38	59823	91	0.00070110154338288
38	59884	92	0.02839246396441
38	60210	93	0.037291249136905
38	60261	94	-0.03619205359835
38	60867	95	0.0047692026942965
38	61051	96	-0.011527515333146
38	61223	97	0.054829390051308
38	61264	98	-0.00095638093072914
38	61435	99	-0.03372765918728
38	61994	100	0.044389957638924
38	62308	101	-2.324479697566
38	62349	102	-1.6577544571704
38	62520	103	2.1145180646609
38	62561	104	1.8214991037308
38	63179	105	-0.041681325964163
38	63361	106	0.012745873047971
38	63530	107	0.035456539324949
38	63571	108	-0.020696750811766
38	63740	109	0.066375348060392
38	64237	110	-0.069657613961027
38	64584	111	0.035702486457303
38	64625	112	0.024262776456307
38	64794	113	-0.028482811534777
38	64835	114	0.017256240532735
38	65423	115	0.02757200822467
38	65605	116	0.0025748481252226
38	65774	117	0.00087027581175825
38	65815	118	-0.012474183782469
38	65984	119	-0.34199221081131
38	66288	120	-4.499441530382
38	66516	121	2.2416608769656
38	66547	122	1.9912012044014
38	66658	123	0.53610585259189
38	66690	124	0.051890532979741
38	67043	125	-0.049148189884145
38	67191	126	0.039713624261786
38	67301	127	-0.054681074237452
38	67332	128	0.087773151865695
38	67442	129	-0.11675209424458
38	67697	130	0.035625258150976
38	67924	131	0.080218765437603
38	67955	132	-0.066120237447322
38	68065	133	0.040383772070054
38	68096	134	-0.088109572513495
38	68399	135	0.031948367056902
38	68545	136	0.06991112385178
38	68653	137	-0.065830091976094
38	68684	138	0.087628711988218
38	68792	139	-0.0092778935749092
38	69014	140	-0.067793899097014
38	69267	141	-3.0598299337791
38	69298	142	-1.3395851243357
38	69406	143	-0.088465128610842
38	69437	144	0.051512886127457
38	69766	145	1.1874225041713
38	69942	146	1.9336556866276
38	70050	147	1.3678070073373
38	70081	148	-0.020379563893657
38	70189	149	-0.0014851073361939
38	70411	150	-0.009300841307267
38	70634	151	-0.032023219508119
38	70665	152	0.08118605131749
38	70773	153	-0.008102177274413
38	70804	154	-0.053524355303962
38	71133	155	-0.024088977240027
38	71279	156	-0.024395249311347
38	71387	157	0.093847385463306
38	71418	158	-0.045697864273098
38	71526	159	0.0076050138380381
38	71748	160	-0.052948865953367
38	71971	161	0.088792579553555
38	72002	162	-0.057570470790379
38	72110	163	0.074015774319415
38	72131	164	-0.023071627691388
23	830	2	6.9464002360008
23	1350	3	9.028341113762
23	1431	4	10.581954774465
23	3506	5	10.506133220896
23	4228	6	10.594426432081
23	4746	7	10.532182615969
23	4827	8	10.549083494574
23	5344	9	10.599292305176
23	6762	10	10.550662885771
23	8047	11	10.604031254264
23	8128	12	10.53326668136
23	8645	13	10.50308918921
23	8726	14	10.568486326071
23	10680	15	7.6761112648412
23	11532	16	5.8760521845238
23	12051	17	4.7458407661926
23	12132	18	4.7169527388482
23	12651	19	4.6807855245798
23	14087	20	6.7768050933305
23	15249	21	8.6986704507495
23	15330	22	10.491115004621
23	15848	23	10.533439079471
23	15929	24	10.579529770808
23	17801	25	10.54409707769
23	18590	26	10.504482226939
23	19109	27	10.505225296707
23	19190	28	10.558031487103
23	19710	29	10.507327862949
23	21219	30	10.576326173364
23	22536	31	10.595138766739
23	22617	32	9.6783831258846
23	23140	33	6.6023378898816
23	23221	34	8.8120259691083
23	25102	35	10.535647510287
23	26041	36	10.613055284872
23	26565	37	10.57856356952
23	26646	38	10.611476563445
23	27170	39	9.2900704765281
23	28748	40	6.2100704765281
23	30195	41	8.409463324498
23	30276	42	8.3349379219022
23	30801	43	8.3905910377554
23	30882	44	8.6185228476208
23	32981	45	10.54213708488
23	33929	46	10.593022095616
23	34458	47	10.48938482755
23	34539	48	10.54647665546
23	35069	49	10.489958709792
23	36657	50	10.613111909762
23	38123	51	10.582094710042
23	38204	52	10.535396008405
23	38733	53	10.497160882556
23	38814	54	10.518341367263
23	40847	55	10.509124421542
23	41733	56	10.573325565308
23	42262	57	10.575581252588
23	42333	58	10.606216970351
23	42758	59	6.4271047946531
23	44062	60	7.4708818279067
23	44991	61	9.3271955468738
23	45062	62	10.52488776606
23	45489	63	10.492873090265
23	45560	64	10.564875428685
23	47219	65	10.529135289916
23	47794	66	10.563576388966
23	48219	67	10.541279148265
23	48280	68	10.490082994401
23	48610	69	10.524344669838
23	49912	70	10.505478308326
23	50490	71	10.533073864194
23	50551	72	10.516746458699
23	50878	73	10.545858930437
23	50940	74	10.605173915656
23	52299	75	10.526806389346
23	52608	76	10.588245610506
23	52935	77	10.52187553316
23	52996	78	9.8413274126602
23	53323	79	5.3973132377981
23	54618	80	7.7217403371634
23	55193	81	9.825961007192
23	55254	82	10.532797681889
23	55580	83	10.614865120667
23	55641	84	10.610500927294
23	57152	85	10.570718184367
23	57408	86	10.574583076718
23	57777	87	10.492045518795
23	57838	88	10.517762920881
23	58164	89	10.588723241134
23	59302	90	10.511803831173
23	59823	91	10.512504932717
23	59884	92	10.540897396681
23	60210	93	10.578188645818
23	60261	94	10.54199659222
23	60867	95	10.546765794914
23	61051	96	10.535238279581
23	61223	97	10.590067669632
23	61264	98	10.589111288701
23	61435	99	10.555383629514
23	61994	100	10.599773587153
23	62308	101	8.275293889587
23	62349	102	6.6175394324166
23	62520	103	8.7320574970775
23	62561	104	10.553556600808
23	63179	105	10.511875274844
23	63361	106	10.524621147892
23	63530	107	10.560077687217
23	63571	108	10.539380936405
23	63740	109	10.605756284466
23	64237	110	10.536098670505
23	64584	111	10.571801156962
23	64625	112	10.596063933418
23	64794	113	10.567581121884
23	64835	114	10.584837362416
23	65423	115	10.612409370641
23	65605	116	10.614984218766
23	65774	117	10.615854494578
23	65815	118	10.603380310795
23	65984	119	10.261388099984
23	66288	120	5.7619465696021
23	66516	121	8.0036074465677
23	66547	122	9.9948086509691
23	66658	123	10.530914503561
23	66690	124	10.582805036541
23	67043	125	10.533656846657
23	67191	126	10.573370470918
23	67301	127	10.518689396681
23	67332	128	10.606462548547
23	67442	129	10.489710454302
23	67697	130	10.525335712453
23	67924	131	10.605554477891
23	67955	132	10.539434240443
23	68065	133	10.579818012513
23	68096	134	10.49170844
23	68399	135	10.523656807057
23	68545	136	10.593567930909
23	68653	137	10.527737838932
23	68684	138	10.615366550921
23	68792	139	10.606088657346
23	69014	140	10.538294758249
23	69267	141	7.4784648244697
23	69298	142	6.1388797001339
23	69406	143	6.0504145715231
23	69437	144	6.1019274576506
23	69766	145	7.2893499618218
23	69942	146	9.2230056484494
23	70050	147	10.590812655787
23	70081	148	10.570433091893
23	70189	149	10.568947984557
23	70411	150	10.55964714325
23	70634	151	10.527623923741
23	70665	152	10.608809975059
23	70773	153	10.600707797785
23	70804	154	10.547183442481
23	71133	155	10.523094465241
23	71279	156	10.498699215929
23	71387	157	10.592546601393
23	71418	158	10.546848737119
23	71526	159	10.554453750957
23	71748	160	10.501504885004
23	71971	161	10.590297464558
23	72002	162	10.532726993767
23	72110	163	10.606742768087
23	72131	164	10.583671140395
15	3	1	1220.2
15	830	2	1220.2
15	1350	3	1220.2
15	1431	4	1220.2
15	3506	5	1220.2
15	4228	6	1220.2
15	4746	7	1220.2
15	4827	8	1220.2
15	5344	9	1220.2
15	6762	10	1220.2
15	8047	11	1220.2
15	8128	12	1220.2
15	8645	13	1220.2
15	8726	14	1220.2
15	10680	15	1220.2
15	11532	16	1220.2
15	12051	17	1219.781020638
15	12132	18	1216.463136141
15	12651	19	1212.6768090904
15	14087	20	1208.5890873763
15	15249	21	1200.820187623
15	15330	22	1193.9952121741
15	15848	23	1186.5344759494
15	15929	24	1179.0538900301
15	17801	25	1171.5864098013
15	18590	26	1164.1269756702
15	19109	27	1156.6665441115
15	19190	28	1149.2103591766
15	19710	29	1141.7541322261
15	21219	30	1134.2884641137
15	22536	31	1129.1126764484
15	22617	32	1127.0528878066
15	23140	33	1126.7113890655
15	23221	34	1126.6
15	25102	35	1126.6
15	26041	36	1126.6
15	26565	37	1126.6
15	26646	38	1126.6
15	27170	39	1126.6
15	28748	40	1126.6
15	30195	41	1124.4385315959
15	30276	42	1117.5187084291
15	30801	43	1109.5656072179
15	30882	44	1101.2153262482
15	32981	45	1091.4766696951
15	33929	46	1080.9131548552
15	34458	47	1070.3535064131
15	34539	48	1059.8148631329
15	35069	49	1049.2640198794
15	36657	50	1038.6946098762
15	38123	51	1028.148714313
15	38204	52	1017.5972352896
15	38733	53	1007.0567994529
15	38814	54	996.51406889114
15	40847	55	985.96907630188
15	41733	56	975.4203560923
15	42262	57	964.86568294908
15	42333	58	954.33454380004
15	42758	59	945.89112896591
15	44062	60	939.40813901896
15	44991	61	930.92889903056
15	45062	62	920.69255096951
15	45489	63	910.15048261967
15	45560	64	899.603402653
15	47219	65	889.029070719
15	47794	66	878.48696802382
15	48219	67	867.94526004422
15	48280	68	857.40090167753
15	48610	69	846.82840852113
15	49912	70	836.29176483644
15	50490	71	825.74632346719
15	50551	72	815.20582202936
15	50878	73	804.65542063088
15	50940	74	794.11727204656
15	52299	75	783.57663466598
15	52608	76	773.03677512436
15	52935	77	762.50713898463
15	52996	78	752.03878893243
15	53323	79	744.6345760207
15	54618	80	737.81691840247
15	55193	81	728.74387939856
15	55254	82	718.40302175666
15	55580	83	708.69516958576
15	55641	84	699.25665455986
15	57152	85	689.81922574115
15	57408	86	680.40164119636
15	57777	87	670.97259968544
15	57838	88	661.55258328699
15	58164	89	652.10547923595
15	59302	90	642.66789746853
15	59823	91	633.21748141638
15	59884	92	623.78518578366
15	60210	93	614.3543258764
15	60261	94	604.91838012308
15	60867	95	595.48735990438
15	61051	96	586.05220953203
15	61223	97	576.62499968087
15	61264	98	567.1895254637
15	61435	99	557.76297729094
15	61994	100	548.29832727582
15	62308	101	539.47341630979
15	62349	102	533.64883469544
15	62520	103	526.78505880642
15	62561	104	517.62100276336
15	63179	105	507.21417881956
15	63361	106	496.66989412322
15	63530	107	486.10781544172
15	63571	108	475.54429394821
15	63740	109	464.99081507058
15	64237	110	454.42572959624
15	64584	111	443.87796723702
15	64625	112	433.33396949165
15	64794	113	422.7768686547
15	64835	114	412.23202699156
15	65423	115	401.66970282802
15	65605	116	391.07819886651
15	65774	117	380.51557628621
15	65815	118	369.98304750791
15	65984	119	359.4771784197
15	66288	120	351.69056693187
15	66516	121	344.59876401446
15	66547	122	335.50507501399
15	66658	123	325.00495550706
15	66690	124	314.44727088006
15	67043	125	303.88550035555
15	67191	126	293.30762051529
15	67301	127	282.7567025624
15	67332	128	272.18947538923
15	67442	129	261.63218834452
15	67697	130	251.06976481839
15	67924	131	240.52528517307
15	67955	132	229.9872156076
15	68065	133	219.4213309217
15	68096	134	208.86899593283
15	68399	135	198.32407342249
15	68545	136	187.78288236054
15	68653	137	177.22508592843
15	68684	138	166.66562958188
15	68792	139	156.11438375181
15	69014	140	145.57250505398
15	69267	141	136.23655516122
15	69298	142	130.04491355328
15	69406	143	127.16920346596
15	69437	144	128.48533463935
15	69766	145	131.14206794923
15	69942	146	134.8834990662
15	70050	147	139.4177634521
15	70081	148	144.14029014255
15	70189	149	148.8557448319
15	70411	150	153.57175800852
15	70634	151	158.29813266001
15	70665	152	163.01949743003
15	70773	153	167.74631165999
15	70804	154	172.46643691179
15	71133	155	177.17899544347
15	71279	156	181.88472024531
15	71387	157	186.60252007019
15	71418	158	191.31473141001
15	71526	159	196.03703442176
15	71748	160	200.75794122012
15	71971	161	205.48809312642
15	72002	162	210.20629910599
15	72110	163	214.93074349665
15	72131	164	219.64043106887
14	3	1	793.68425913429
14	830	2	787.6595105704
14	1350	3	779.54706729499
14	1431	4	769.47487583256
14	3506	5	758.93286025667
14	4228	6	748.38905563132
14	4746	7	737.83685362566
14	4827	8	727.2986442171
14	5344	9	716.72630340481
14	6762	10	706.15570122985
14	8047	11	695.61192174225
14	8128	12	685.0686876812
14	8645	13	674.52212948467
14	8726	14	663.97228605692
14	10680	15	654.49835418609
14	11532	16	648.3202104369
14	12051	17	643.52701465121
14	12132	18	641.43172499544
14	12651	19	644.12064169223
14	14087	20	648.20091262365
14	15249	21	651.44981237696
14	15330	22	658.27478782592
14	15848	23	665.73552405064
14	15929	24	673.21610996991
14	17801	25	680.68359019873
14	18590	26	688.14302432983
14	19109	27	695.60345588847
14	19190	28	703.05964082336
14	19710	29	710.51586777391
14	21219	30	717.98153588627
14	22536	31	727.06045546769
14	22617	32	737.24735041463
14	23140	33	744.65908081114
14	23221	34	752.57313057443
14	25102	35	762.44047794808
14	26041	36	772.99929712933
14	26565	37	783.56319263979
14	26646	38	794.13586465724
14	27170	39	804.45306002135
14	28748	40	811.48113049788
14	30195	41	818.43486329751
14	30276	42	823.01455880266
14	30801	43	825.65735622534
14	30882	44	826.6
14	32981	45	826.6
14	33929	46	826.6
14	34458	47	826.6
14	34539	48	826.6
14	35069	49	829.8
14	36657	50	829.8
14	38123	51	829.8
14	38204	52	829.8
14	38733	53	829.8
14	38814	54	829.8
14	40847	55	829.8
14	41733	56	829.8
14	42262	57	829.8
14	42333	58	829.8
14	42758	59	829.8
14	44062	60	829.8
14	44991	61	829.8
14	45062	62	829.8
14	45489	63	829.8
14	45560	64	829.8
14	47219	65	829.8
14	47794	66	829.8
14	48219	67	829.8
14	48280	68	829.8
14	48610	69	829.8
14	49912	70	829.8
14	50490	71	829.8
14	50551	72	829.8
14	50878	73	829.8
14	50940	74	829.8
14	52299	75	829.8
14	52608	76	829.8
14	52935	77	829.8
14	52996	78	829.8
14	53323	79	829.8
14	54618	80	829.77263406318
14	55193	81	829.41414195023
14	55254	82	826.83097982755
14	55580	83	822.21753034329
14	55641	84	817.4980085794
14	57152	85	812.77902994952
14	57408	86	808.06997401218
14	57777	87	803.35518927101
14	57838	88	798.64491733875
14	58164	89	793.92110082183
14	59302	90	789.20204571331
14	59823	91	784.4765731031
14	59884	92	779.76016120992
14	60210	93	775.04446721968
14	60261	94	770.32623016401
14	60867	95	765.61045601356
14	61051	96	760.89261667064
14	61223	97	756.17874781064
14	61264	98	751.46074653625
14	61435	99	746.74720853397
14	61994	100	742.01461854376
14	62308	101	737.60191598894
14	62349	102	734.68946211044
14	62520	103	731.4161851545
14	62561	104	729.84492197418
14	63179	105	729.8
14	63361	106	729.8
14	63530	107	729.8
14	63571	108	729.8
14	63740	109	729.8
14	64237	110	729.8
14	64584	111	729.8
14	64625	112	729.8
14	64794	113	729.8
14	64835	114	729.8
14	65423	115	729.8
14	65605	116	726.6
14	65774	117	726.6
14	65815	118	726.6
14	65984	119	726.6
14	66288	120	726.6
14	66516	121	726.6
14	66547	122	726.6
14	66658	123	726.6
14	66690	124	726.6
14	67043	125	726.6
14	67191	126	726.6
14	67301	127	726.6
14	67332	128	726.6
14	67442	129	726.6
14	67697	130	726.6
14	67924	131	726.6
14	67955	132	726.6
14	68065	133	726.6
14	68096	134	726.6
14	68399	135	726.6
14	68545	136	726.6
14	68653	137	726.6
14	68684	138	726.6
14	68792	139	726.6
14	69014	140	726.6
14	69267	141	726.6
14	69298	142	725.77278610268
14	69406	143	720.91519365415
14	69437	144	715.05362223682
14	69766	145	709.13605663519
14	69942	146	701.65360321147
14	70050	147	692.5855698794
14	70081	148	683.14103250884
14	70189	149	673.71063836777
14	70411	150	664.27912731316
14	70634	151	654.82689444097
14	70665	152	645.38468078433
14	70773	153	635.93156880323
14	70804	154	626.49183404759
14	71133	155	617.06723190539
14	71279	156	607.65629647619
14	71387	157	598.22121232029
14	71418	158	588.79730452389
14	71526	159	579.35321448628
14	71748	160	569.91191672291
14	71971	161	560.45212975383
14	72002	162	551.01623333294
14	72110	163	541.56786077152
14	72131	164	532.14900023453
25	1350	3	4.2377790528509
25	1431	4	5.4796299464549
25	3506	5	5.9857598008353
25	4228	6	6.5779517681349
25	4746	7	8.0316501021896
25	4827	8	0.973
25	5344	9	0.973
25	6762	10	0.973
25	8047	11	1.5515605945345
25	8128	12	3.6523549058585
25	8645	13	5.1758679933786
25	8726	14	6.2883338972333
25	10680	15	6.9774669772803
25	11532	16	7.9708906974605
25	12051	17	1.7082186468203
25	12132	18	0.973
25	12651	19	0.973
25	14087	20	2.6894019746515
25	15249	21	2.8272208196303
25	15330	22	6.9685479801696
25	15848	23	7.5388043311631
25	15929	24	7.8021593311811
25	17801	25	8.2502520623875
25	18590	26	2.265075016579
25	19109	27	2.4762402676807
25	19190	28	2.1705162456754
25	19710	29	2.2200406478573
25	21219	30	2.0070851189928
25	22536	31	0.973
25	22617	32	0.973
25	23140	33	0.973
25	23221	34	6.0972491481427
25	25102	35	5.0461459847162
25	26041	36	1.8009038811732
25	26565	37	3.8153845920961
25	26646	38	7.2853159266772
25	27170	39	9.6091648377646
25	28748	40	6.3593600013638
25	30195	41	1.7668751537849
25	30276	42	2.2546224891082
25	30801	43	2.5041150580294
25	30882	44	1.8310207845572
25	32981	45	0.973
25	33929	46	0.973
25	34458	47	2.332984318324
25	34539	48	6.1127521444409
25	35069	49	7.6316310040043
25	36657	50	9.140530694483
25	38123	51	0.973
25	38204	52	0.973
25	38733	53	0.973
25	38814	54	5.8079016022879
25	40847	55	6.7909864249557
25	41733	56	7.5382357860215
25	42262	57	9.4863064829527
25	42333	58	5.2314178282941
25	42758	59	1.9407866509107
25	44062	60	2.2055876148996
25	44991	61	0.973
25	45062	62	0.973
25	45489	63	0.973
25	45560	64	5.2883704966916
25	47219	65	5.9294028302211
25	47794	66	8.2459559330054
25	48219	67	8.1709624838904
25	48280	68	8.0253336881885
25	48610	69	2.5022227240227
25	49912	70	1.9083134074433
25	50490	71	2.3698361545324
25	50551	72	2.0270034638042
25	50878	73	2.2674138131683
25	50940	74	0.973
25	52299	75	0.973
25	52608	76	0.973
25	52935	77	0.973
25	52996	78	0.973
25	53323	79	0.973
25	54618	80	0.973
25	55193	81	0.973
25	55254	82	0.973
25	55580	83	0.973
25	55641	84	0.973
25	57152	85	0.973
25	57408	86	0.973
25	57777	87	0.973
25	57838	88	0.973
25	58164	89	0.973
25	59302	90	0.973
25	59823	91	0.973
25	59884	92	0.973
25	60210	93	0.973
25	60261	94	0.973
25	60867	95	0.973
25	61051	96	0.973
25	61223	97	0.973
25	61264	98	0.973
25	61435	99	0.973
25	61994	100	0.973
25	62308	101	0.973
25	62349	102	0.973
25	62520	103	0.973
25	62561	104	0.973
25	63179	105	0.973
25	63361	106	0.973
25	63530	107	0.973
25	63571	108	0.973
25	63740	109	0.973
25	64237	110	0.973
25	64584	111	0.973
25	64625	112	0.973
25	64794	113	0.973
25	64835	114	0.973
25	65423	115	0.973
25	65605	116	0.973
25	65774	117	0.973
25	65815	118	0.973
25	65984	119	0.973
25	66288	120	0.973
25	66516	121	0.973
25	66547	122	0.973
25	66658	123	0.973
25	66690	124	2.3555991533983
25	67043	125	3.2196052754619
25	67191	126	4.0995590702382
25	67301	127	5.4771926577936
25	67332	128	6.4986218254741
25	67442	129	7.7896783205688
25	67697	130	8.2544452680556
25	67924	131	8.12297126465
25	67955	132	1.7603004393707
25	68065	133	2.3461765091494
25	68096	134	2.0452658639685
25	68399	135	2.5469738536695
25	68545	136	1.9996513277517
25	68653	137	2.5024463814999
25	68684	138	0.973
25	68792	139	0.973
25	69014	140	2.3060158037613
25	69267	141	6.6433471554125
25	69298	142	0.973
25	69406	143	3.3058265167624
25	69437	144	6.0496577938907
25	69766	145	6.5892597012141
25	69942	146	7.572575422333
25	70050	147	8.2016244341499
25	70081	148	0.973
25	70189	149	0.973
25	70411	150	6.3457663453212
25	70634	151	6.8585077482929
25	70665	152	7.3028741294193
25	70773	153	9.5956427120513
25	70804	154	6.7313790630895
25	71133	155	0.973
25	71279	156	0.973
25	71387	157	0.973
25	71418	158	6.7643964714199
25	71526	159	7.0074430747136
25	71748	160	8.7390718636814
25	71971	161	9.6017605876974
25	72002	162	2.0694823958112
25	72110	163	2.5420892005827
25	72131	164	1.8079195410053
25	72247	165	2.2140868274364
25	72325	166	0.973
25	72352	167	0.973
25	72363	168	0.973
25	72390	169	5.8943755785009
25	72401	170	6.5286294873979
25	72513	171	7.8774792170878
25	72524	172	9.0437930706931
25	72551	173	4.1123134210372
25	72562	174	2.2179417228889
25	72589	175	2.3626112311378
25	72667	176	2.1429353102972
25	72693	177	2.0666943114578
25	72704	178	2.1834599394752
25	72730	179	2.6362991343413
25	72741	180	2.0927155654855
25	72838	181	1.9871685208248
25	72849	182	0.973
25	72875	183	0.973
25	72886	184	3.7704787957166
25	72912	185	1.8235971820419
25	72963	186	4.7013219494087
25	72989	187	7.0992111653108
25	73000	188	8.4210882108949
25	73026	189	9.265870764316
25	73037	190	0.973
25	73103	191	0.973
25	73114	192	0.973
25	73140	193	0.973
25	73151	194	0.973
25	73177	195	1.9966421123598
25	73228	196	3.2198851568582
25	73254	197	4.1429728901376
25	73265	198	5.0417643112414
25	73291	199	6.8596299781727
25	73302	200	7.6942604549941
25	73368	201	8.0606181365683
25	73379	202	8.6562365665928
25	73405	203	2.0613866458072
25	73416	204	2.0766180351871
24	1350	3	1.9307057675463
24	1431	4	2.0210878417804
24	3506	5	1.8097750169178
24	4228	6	1.7063103974308
24	4746	7	1.8652990116714
24	4827	8	-2.6816309944571
24	5344	9	-4.4978746123069
24	6762	10	-2.2417096697356
24	8047	11	0.22344427336939
24	8128	12	1.5910760254553
24	8645	13	1.9425351271383
24	8726	14	1.9659911905182
24	10680	15	1.8467337079952
24	11532	16	1.847259114366
24	12051	17	-0.082935744582761
24	12132	18	-4.4838358731149
24	12651	19	-2.3638668012488
24	14087	20	0.68917385777626
24	15249	21	0.6794224787876
24	15330	22	2.1765811321489
24	15848	23	1.9625265315338
24	15929	24	1.7437499239715
24	17801	25	1.6324747632661
24	18590	26	0.019452722577844
24	19109	27	0.073648654187563
24	19190	28	-0.0079771740431891
24	19710	29	0.0051318571483723
24	21219	30	-0.050518821859733
24	22536	31	-0.84516137906659
24	22617	32	-4.4874539824445
24	23140	33	-4.4956439818854
24	23221	34	2.3680351457256
24	25102	35	1.4898034055771
24	26041	36	0.065560566931964
24	26565	37	0.84028263028944
24	26646	38	1.8399242186127
24	27170	39	2.171414077119
24	28748	40	1.1128323902263
24	30195	41	-0.11380215772893
24	30276	42	0.017173201832922
24	30801	43	0.081435528846923
24	30882	44	-0.096555314557627
24	32981	45	-3.2952803816099
24	33929	46	-4.5
24	34458	47	0.40929231399437
24	34539	48	1.8657338069286
24	35069	49	2.0213565519801
24	36657	50	2.105458460364
24	38123	51	-1.0151125745798
24	38204	52	-4.5
24	38733	53	-1.6563950789484
24	38814	54	1.9831916650757
24	40847	55	1.9471924388432
24	41733	56	1.8541976639791
24	42262	57	2.08271577504
24	42333	58	0.81079700562696
24	42758	59	-0.068145463392138
24	44062	60	0.0029498253716156
24	44991	61	-1.8817842686997
24	45062	62	-4.4828382564932
24	45489	63	-3.08
24	45560	64	1.9565052817496
24	47219	65	1.8118856615038
24	47794	66	2.216761135431
24	48219	67	1.8459253910789
24	48280	68	1.5726005941449
24	48610	69	0.081227770496625
24	49912	70	-0.076030579542275
24	50490	71	0.046725732521153
24	50551	72	-0.044127522325143
24	50878	73	0.019988508294336
24	50940	74	-4.5
24	52299	75	-4.5
24	52608	76	-4.5
24	52935	77	-1.9247324510919
24	52996	78	0
24	53323	79	0
24	54618	80	0
24	55193	81	0
24	55254	82	0
24	55580	83	0
24	55641	84	0
24	57152	85	0
24	57408	86	0
24	57777	87	0
24	57838	88	0
24	58164	89	0
24	59302	90	0
24	59823	91	0
24	59884	92	0
24	60210	93	0
24	60261	94	0
24	60867	95	0
24	61051	96	0
24	61223	97	0
24	61264	98	0
24	61435	99	0
24	61994	100	0
24	62308	101	0
24	62349	102	0
24	62520	103	0
24	62561	104	0
24	63179	105	0
24	63361	106	0
24	63530	107	0
24	63571	108	0
24	63740	109	0
24	64237	110	0
24	64584	111	0
24	64625	112	0
24	64794	113	0
24	64835	114	0
24	65423	115	0
24	65605	116	0
24	65774	117	0
24	65815	118	0
24	65984	119	0
24	66288	120	0
24	66516	121	0
24	66547	122	0
24	66658	123	0
24	66690	124	2.1746775728328
24	67043	125	1.9273439209485
24	67191	126	1.8650596299372
24	67301	127	2.0387559596822
24	67332	128	1.9968288390152
24	67442	129	2.0448067288124
24	67697	130	1.8576649119053
24	67924	131	1.5862707975808
24	67955	132	-0.11530176427681
24	68065	133	0.04141702223802
24	68096	134	-0.03848404865712
24	68399	135	0.093434249067213
24	68545	136	-0.051927305583376
24	68653	137	0.080466604258401
24	68684	138	-3.4709465462294
24	68792	139	-4.5
24	69014	140	0.4014190905285
24	69267	141	2.059611370255
24	69298	142	-3.7313745275212
24	69406	143	1.0294473107665
24	69437	144	1.978519994542
24	69766	145	1.8059503328893
24	69942	146	1.8164725916414
24	70050	147	1.7305190658629
24	70081	148	-4.5
24	70189	149	-4.4981703760659
24	70411	150	2.4620419800817
24	70634	151	2.1017258434906
24	70665	152	1.874647748461
24	70773	153	2.1922986533609
24	70804	154	1.2159642523484
24	71133	155	-1.435771695749
24	71279	156	-4.4976749501165
24	71387	157	-2.3645632528787
24	71418	158	2.2548727185093
24	71526	159	1.9093734923517
24	71748	160	2.0888704020064
24	71971	161	1.9940212354832
24	72002	162	-0.032152738769019
24	72110	163	0.09192031117389
24	72131	164	-0.10243906637654
24	72247	165	0.006955648118165
24	72325	166	-3.3227436253357
24	72352	167	-4.5
24	72363	168	-0.24
24	72390	169	1.916497428522
24	72401	170	1.7919683447177
24	72513	171	1.9066344247968
24	72524	172	1.9297989711119
24	72551	173	0.51892455202275
24	72562	174	0.0077207820955678
24	72589	175	0.045199540392495
24	72667	176	-0.013448614298833
24	72693	177	-0.033018045409117
24	72704	178	-0.0014908085530614
24	72730	179	0.11615403753938
24	72741	180	-0.028497003829107
24	72838	181	-0.05529726679204
24	72849	182	-3.6666388731687
24	72875	183	-4.5
24	72886	184	1.0952546866611
24	72912	185	0.12185165447809
24	72963	186	1.2899192457669
24	72989	187	1.8822220934764
24	73000	188	1.9590949166822
24	73026	189	1.891913161833
24	73037	190	-3.545113668958
24	73103	191	-4.5
24	73114	192	-4.5
24	73140	193	-2.9494579396775
24	73151	194	0
24	73177	195	1.82
24	73228	196	2.0539650282698
24	73254	197	1.9483446328645
24	73265	198	1.89187698066
24	73291	199	2.1748556597321
24	73302	200	2.0362915113335
24	73368	201	1.8248430230678
24	73379	202	1.7306178330544
24	73405	203	-0.03600418052636
24	73416	204	-0.031022518016398
16	830	2	4.1200669405416
16	1350	3	6.0507727080879
16	1431	4	8.0718605498683
16	3506	5	9.8816355667862
16	4228	6	11.587945964217
16	4746	7	13.453244975888
16	4827	8	10.771613981431
16	5344	9	6.2737393691244
16	6762	10	4.0320296993888
16	8047	11	4.2554739727582
16	8128	12	5.8465499982134
16	8645	13	7.7890851253517
16	8726	14	9.7550763158699
16	10680	15	11.601810023865
16	11532	16	13.449069138231
16	12051	17	13.366133393648
16	12132	18	8.8822975205335
16	12651	19	6.5184307192846
16	14087	20	7.2076045770609
16	15249	21	7.8870270558485
16	15330	22	10.063608187997
16	15848	23	12.026134719531
16	15929	24	13.769884643503
16	17801	25	15.402359406769
16	18590	26	15.421812129347
16	19109	27	15.495460783534
16	19190	28	15.487483609491
16	19710	29	15.492615466639
16	21219	30	15.44209664478
16	22536	31	14.596935265713
16	22617	32	10.109481283268
16	23140	33	5.6138373013831
16	23221	34	7.9818724471086
16	25102	35	9.4716758526857
16	26041	36	9.5372364196177
16	26565	37	10.377519049907
16	26646	38	12.21744326852
16	27170	39	14.388857345639
16	28748	40	15.501689735865
16	30195	41	15.387887578136
16	30276	42	15.405060779969
16	30801	43	15.486496308816
16	30882	44	15.389940994258
16	32981	45	12.094660612648
16	33929	46	7.5946606126485
16	34458	47	8.0039529266429
16	34539	48	9.8696867335715
16	35069	49	11.891043285552
16	36657	50	13.996501745916
16	38123	51	12.981389171336
16	38204	52	8.4813891713358
16	38733	53	6.8249940923874
16	38814	54	8.8081857574631
16	40847	55	10.755378196306
16	41733	56	12.609575860285
16	42262	57	14.692291635325
16	42333	58	15.503088640952
16	42758	59	15.43494317756
16	44062	60	15.437893002932
16	44991	61	13.556108734232
16	45062	62	9.073270477739
16	45489	63	5.993270477739
16	45560	64	7.9497757594886
16	47219	65	9.7616614209923
16	47794	66	11.978422556423
16	48219	67	13.824347947502
16	48280	68	15.396948541647
16	48610	69	15.478176312144
16	49912	70	15.402145732602
16	50490	71	15.448871465123
16	50551	72	15.404743942798
16	50878	73	15.424732451092
16	50940	74	10.924732451092
16	52299	75	6.4247324510919
16	52608	76	1.9247324510919
16	52935	77	0
16	52996	78	0
16	53323	79	0
16	54618	80	0
16	55193	81	0
16	55254	82	0
16	55580	83	0
16	55641	84	0
16	57152	85	0
16	57408	86	0
16	57777	87	0
16	57838	88	0
16	58164	89	0
16	59302	90	0
16	59823	91	0
16	59884	92	0
16	60210	93	0
16	60261	94	0
16	60867	95	0
16	61051	96	0
16	61223	97	0
16	61264	98	0
16	61435	99	0
16	61994	100	0
16	62308	101	0
16	62349	102	0
16	62520	103	0
16	62561	104	0
16	63179	105	0
16	63361	106	0
16	63530	107	0
16	63571	108	0
16	63740	109	0
16	64237	110	0
16	64584	111	0
16	64625	112	0
16	64794	113	0
16	64835	114	0
16	65423	115	0
16	65605	116	0
16	65774	117	0
16	65815	118	0
16	65984	119	0
16	66288	120	0
16	66516	121	0
16	66547	122	0
16	66658	123	0
16	66690	124	2.1746775728328
16	67043	125	4.1020214937814
16	67191	126	5.9670811237185
16	67301	127	8.0058370834007
16	67332	128	10.002665922416
16	67442	129	12.047472651228
16	67697	130	13.905137563134
16	67924	131	15.491408360714
16	67955	132	15.376106596438
16	68065	133	15.417523618676
16	68096	134	15.379039570019
16	68399	135	15.472473819086
16	68545	136	15.420546513502
16	68653	137	15.501013117761
16	68684	138	12.030066571531
16	68792	139	7.5300665715314
16	69014	140	7.9314856620599
16	69267	141	9.9910970323149
16	69298	142	6.2597225047937
16	69406	143	7.2891698155602
16	69437	144	9.2676898101022
16	69766	145	11.073640142992
16	69942	146	12.890112734633
16	70050	147	14.620631800496
16	70081	148	10.120631800496
16	70189	149	5.6224614244299
16	70411	150	8.0845034045116
16	70634	151	10.186229248002
16	70665	152	12.060876996463
16	70773	153	14.253175649824
16	70804	154	15.469139902172
16	71133	155	14.033368206424
16	71279	156	9.535693256307
16	71387	157	7.1711300034284
16	71418	158	9.4260027219377
16	71526	159	11.335376214289
16	71748	160	13.424246616296
16	71971	161	15.418267851779
16	72002	162	15.38611511301
16	72110	163	15.478035424184
16	72131	164	15.375596357807
16	72247	165	15.382552005926
16	72325	166	12.05980838059
16	72352	167	7.5598083805899
16	72363	168	7.3198083805899
16	72390	169	9.2363058091119
16	72401	170	11.02827415383
16	72513	171	12.934908578626
16	72524	172	14.864707549738
16	72551	173	15.383632101761
16	72562	174	15.391352883857
16	72589	175	15.436552424249
16	72667	176	15.42310380995
16	72693	177	15.390085764541
16	72704	178	15.388594955988
16	72730	179	15.504748993527
16	72741	180	15.476251989698
16	72838	181	15.420954722906
16	72849	182	11.754315849738
16	72875	183	7.2543158497377
16	72886	184	8.3495705363988
16	72912	185	8.4714221908768
16	72963	186	9.7613414366438
16	72989	187	11.64356353012
16	73000	188	13.602658446802
16	73026	189	15.494571608635
16	73037	190	11.949457939678
16	73103	191	7.4494579396775
16	73114	192	2.9494579396775
16	73140	193	0
16	73151	194	0
16	73177	195	1.82
16	73228	196	3.8739650282698
16	73254	197	5.8223096611342
16	73265	198	7.7141866417942
16	73291	199	9.8890423015264
16	73302	200	11.92533381286
16	73368	201	13.750176835928
16	73379	202	15.480794668982
16	73405	203	15.444790488456
16	73416	204	15.413767970439
1	3	1	1020.2
1	830	2	1023.4
1	1350	3	1023.4
1	1431	4	1023.4
1	3506	5	1023.4
1	4228	6	1023.4
1	4746	7	1023.4
1	4827	8	1023.4
1	5344	9	1023.4
1	6762	10	1024.0043799595
1	8047	11	1026.6
1	8128	12	1026.6
1	8645	13	1029.8
1	8726	14	1029.8
1	10680	15	1029.8
1	11532	16	1029.8
1	12051	17	1029.8
1	12132	18	1029.8
1	12651	19	1029.8
1	14087	20	1031.2821889268
1	15249	21	1038.3173943242
1	15330	22	1047.3732210248
1	15848	23	1058.5031651602
1	15929	24	1071.4538874245
1	17801	25	1086.2414033971
1	18590	26	1101.6793717126
1	19109	27	1117.1235427293
1	19190	28	1132.5501900669
1	19710	29	1147.9649539457
1	21219	30	1163.4175054391
1	22536	31	1178.7140612558
1	22617	32	1190.8447787338
1	23140	33	1198.4827448316
1	23221	34	1205.3886445348
1	25102	35	1212.708823055
1	26041	36	1212.9963638266
1	26565	37	1207.1340703333
1	26646	38	1199.0778139444
1	27170	39	1189.6044054102
1	28748	40	1178.8356525223
1	30195	41	1167.9194975343
1	30276	42	1159.250487406
1	30801	43	1148.3201972485
1	30882	44	1137.409279417
1	32981	45	1131.1354936739
1	33929	46	1130.0454660983
1	34458	47	1129.8
1	34539	48	1129.8
1	35069	49	1129.8
1	36657	50	1129.8
1	38123	51	1129.8
1	38204	52	1129.8
1	38733	53	1129.8
1	38814	54	1129.8
1	40847	55	1129.8
1	41733	56	1129.8
1	42262	57	1129.8
1	42333	58	1129.8
1	42758	59	1129.8
1	44062	60	1129.8
1	44991	61	1130.3024263169
1	45062	62	1135.2107642713
1	45489	63	1139.4542968522
1	45560	64	1144.191138825
1	47219	65	1150.5098321194
1	47794	66	1158.2987283597
1	48219	67	1165.2455584625
1	48280	68	1175.6822074824
1	48610	69	1186.6073267124
1	49912	70	1197.5061168627
1	50490	71	1208.4297567524
1	50551	72	1218.8485240238
1	50878	73	1231.7694884295
1	50940	74	1243.3518881174
1	52299	75	1250.9094325589
1	52608	76	1254.442121754
1	52935	77	1254.728237963
1	52996	78	1254.728237963
1	53323	79	1254.728237963
1	54618	80	1254.728237963
1	55193	81	1254.728237963
1	55254	82	1254.728237963
1	55580	83	1254.728237963
1	55641	84	1254.728237963
1	57152	85	1254.728237963
1	57408	86	1254.728237963
1	57777	87	1256.158237963
1	57838	88	1256.158237963
1	58164	89	1256.158237963
1	59302	90	1256.158237963
1	59823	91	1256.158237963
1	59884	92	1256.158237963
1	60210	93	1256.158237963
1	60261	94	1256.158237963
1	60867	95	1256.158237963
1	61051	96	1256.158237963
1	61223	97	1256.158237963
1	61264	98	1256.158237963
1	61435	99	1256.158237963
1	61994	100	1256.158237963
1	62308	101	1256.158237963
1	62349	102	1256.158237963
1	62520	103	1256.158237963
1	62561	104	1256.158237963
1	63179	105	1256.158237963
1	63361	106	1256.158237963
1	63530	107	1256.158237963
1	63571	108	1256.158237963
1	63740	109	1256.158237963
1	64237	110	1256.158237963
1	64584	111	1256.158237963
1	64625	112	1256.158237963
1	64794	113	1256.158237963
1	64835	114	1256.158237963
1	65423	115	1256.158237963
1	65605	116	1256.158237963
1	65774	117	1256.158237963
1	65815	118	1256.158237963
1	65984	119	1256.158237963
1	66288	120	1256.158237963
1	66516	121	1256.158237963
1	66547	122	1256.158237963
1	66658	123	1256.158237963
1	66690	124	1257.2817233373
1	67043	125	1260.1157962079
1	67191	126	1264.6639051211
1	67301	127	1269.5415766766
1	67332	128	1277.6469127383
1	67442	129	1287.5825871703
1	67697	130	1299.2502516588
1	67924	131	1312.5997002237
1	67955	132	1326.4004430273
1	68065	133	1340.2057971958
1	68096	134	1354.0196558872
1	68399	135	1367.8589304419
1	68545	136	1381.6797611485
1	68653	137	1395.4955162186
1	68684	138	1407.9969799128
1	68792	139	1416.5431487618
1	69014	140	1422.1646019903
1	69267	141	1425.2214572478
1	69298	142	1426.2389255265
1	69406	143	1426.5371379548
1	69437	144	1426.6
1	69766	145	1429.8
1	69942	146	1429.8
1	70050	147	1429.8
1	70081	148	1429.8
1	70189	149	1429.8
1	70411	150	1429.8
1	70634	151	1429.8
1	70665	152	1429.8
1	70773	153	1429.8
1	70804	154	1429.8
1	71133	155	1429.8
1	71279	156	1429.8
1	71387	157	1429.8
1	71418	158	1430.0484288912
1	71526	159	1431.2708830164
1	71748	160	1434.7753949952
1	71971	161	1445.0599128033
1	72002	162	1455.9820327134
1	72110	163	1466.8966506213
1	72131	164	1477.821480992
1	72247	165	1488.7350814473
1	72325	166	1498.6290325657
1	72352	167	1505.4064458118
1	72363	168	1510.0561966522
1	72390	169	1515.6779695155
1	72401	170	1521.8261112863
1	72513	171	1526.2122710623
1	72524	172	1526.6
1	72551	173	1529.8
1	72562	174	1529.8
1	72589	175	1529.8
1	72667	176	1529.8
1	72693	177	1529.8
1	72704	178	1529.8
1	72730	179	1529.8
1	72741	180	1529.8
1	72838	181	1529.8
1	72849	182	1529.8
1	72875	183	1529.8
1	72886	184	1530.2229466565
1	72912	185	1537.2252766982
1	72963	186	1546.1753454642
1	72989	187	1556.9501262819
1	73000	188	1569.674771201
1	73026	189	1584.4097038313
1	73037	190	1598.3202977915
1	73103	191	1607.7947557312
1	73114	192	1612.7692136708
1	73140	193	1613.5989995664
1	73151	194	1613.5989995664
1	73177	195	1614.3269995664
1	73228	196	1617.3343570876
1	73254	197	1621.8687057087
1	73265	198	1625.9163154638
1	73291	199	1626.6
1	73302	200	1626.6
1	73368	201	1626.6
1	73379	202	1626.6
1	73405	203	1626.6
1	73416	204	1626.6
0	3	1	608.43874147068
0	830	2	605.31114741842
0	1350	3	600.09932361379
0	1431	4	592.95737517021
0	3506	5	583.94714060348
0	4228	6	573.09337556447
0	4746	7	560.49242547984
0	4827	8	547.8682163358
0	5344	9	539.56947696667
0	6762	10	534.4934300607
0	8047	11	535.87353994488
0	8128	12	540.96825980444
0	8645	13	547.87782868565
0	8726	14	556.73485166413
0	10680	15	567.53141741664
0	11532	16	580.20292803981
0	12051	17	594.32547597049
0	12132	18	605.2214586022
0	12651	19	612.05904936186
0	14087	20	618.8493133561
0	15249	21	623.4
0	15330	22	623.4
0	15848	23	623.4
0	15929	24	623.4
0	17801	25	623.4
0	18590	26	623.4
0	19109	27	623.4
0	19190	28	623.4
0	19710	29	623.4
0	21219	30	623.4
0	22536	31	623.4
0	22617	32	623.4
0	23140	33	623.4
0	23221	34	624.07956899456
0	25102	35	628.61156460981
0	26041	36	637.47488604255
0	26565	37	645.13592966666
0	26646	38	653.19218605555
0	27170	39	662.66559458984
0	28748	40	673.43434747771
0	30195	41	684.3505024657
0	30276	42	697.53951259397
0	30801	43	708.46980275153
0	30882	44	719.38072058304
0	32981	45	731.59912249322
0	33929	46	741.14334754164
0	34458	47	748.23896466571
0	34539	48	757.25814079993
0	35069	49	768.24845063771
0	36657	50	781.28438278048
0	38123	51	795.50425618338
0	38204	52	806.01064535472
0	38733	53	812.7299184629
0	38814	54	820.7032054199
0	40847	55	830.55380506979
0	41733	56	842.2905914866
0	42262	57	856.05564720309
0	42333	58	871.36160637273
0	42758	59	886.80723622628
0	44062	60	902.24740090274
0	44991	61	917.15679170137
0	45062	62	926.96290881336
0	45489	63	932.27780501388
0	45560	64	937.40113882496
0	47219	65	943.7198321194
0	47794	66	951.50872835971
0	48219	67	962.97555846246
0	48280	68	973.41220748239
0	48610	69	984.33732671237
0	49912	70	995.23611686271
0	50490	71	1006.1597567524
0	50551	72	1017.8800176811
0	50878	73	1026.5947442147
0	50940	74	1032.3859440587
0	52299	75	1036.1647162795
0	52608	76	1037.931060877
0	52935	77	1038.0741189815
0	52996	78	1038.0741189815
0	53323	79	1038.0741189815
0	54618	80	1038.0741189815
0	55193	81	1038.0741189815
0	55254	82	1038.0741189815
0	55580	83	1038.0741189815
0	55641	84	1038.0741189815
0	57152	85	1038.0741189815
0	57408	86	1038.0741189815
0	57777	87	1035.2141189815
0	57838	88	1035.2141189815
0	58164	89	1035.2141189815
0	59302	90	1035.2141189815
0	59823	91	1035.2141189815
0	59884	92	1035.2141189815
0	60210	93	1035.2141189815
0	60261	94	1035.2141189815
0	60867	95	1035.2141189815
0	61051	96	1035.2141189815
0	61223	97	1035.2141189815
0	61264	98	1035.2141189815
0	61435	99	1035.2141189815
0	61994	100	1035.2141189815
0	62308	101	1035.2141189815
0	62349	102	1035.2141189815
0	62520	103	1035.2141189815
0	62561	104	1035.2141189815
0	63179	105	1035.2141189815
0	63361	106	1035.2141189815
0	63530	107	1035.2141189815
0	63571	108	1035.2141189815
0	63740	109	1035.2141189815
0	64237	110	1035.2141189815
0	64584	111	1035.2141189815
0	64625	112	1035.2141189815
0	64794	113	1035.2141189815
0	64835	114	1035.2141189815
0	65423	115	1035.2141189815
0	65605	116	1035.2141189815
0	65774	117	1035.2141189815
0	65815	118	1035.2141189815
0	65984	119	1035.2141189815
0	66288	120	1035.2141189815
0	66516	121	1035.2141189815
0	66547	122	1035.2141189815
0	66658	123	1035.2141189815
0	66690	124	1035.7758616686
0	67043	125	1037.1928981039
0	67191	126	1039.4669525605
0	67301	127	1045.4807883383
0	67332	128	1049.5334563691
0	67442	129	1054.5012935851
0	67697	130	1060.3351258294
0	67924	131	1067.0098501119
0	67955	132	1073.9102215137
0	68065	133	1080.8128985979
0	68096	134	1087.7198279436
0	68399	135	1094.6394652209
0	68545	136	1101.5498805743
0	68653	137	1108.4577581093
0	68684	138	1114.7084899564
0	68792	139	1118.9815743809
0	69014	140	1123.106732683
0	69267	141	1131.5330654688
0	69298	142	1139.1087276762
0	69406	143	1145.8574045852
0	69437	144	1154.2867169937
0	69766	145	1164.512632804
0	69942	146	1176.6145465933
0	70050	147	1190.5563364737
0	70081	148	1202.7019682742
0	70189	149	1210.3490637739
0	70411	150	1217.3676840037
0	70634	151	1226.6075652
0	70665	152	1237.8168856361
0	70773	153	1251.1068602527
0	70804	154	1266.2752354791
0	71133	155	1281.4174834734
0	71279	156	1292.9777117198
0	71387	157	1300.4682106991
0	71418	158	1308.9307222812
0	71526	159	1319.3026672343
0	71748	160	1332.5053949952
0	71971	161	1342.7899128033
0	72002	162	1353.7120327134
0	72110	163	1364.6266506213
0	72131	164	1375.551480992
0	72247	165	1386.4650814473
0	72325	166	1396.3590325657
0	72352	167	1403.1364458118
0	72363	168	1407.7861966522
0	72390	169	1413.9310412589
0	72401	170	1422.0432338652
0	72513	171	1433.1542432816
0	72524	172	1447.1249778103
0	72551	173	1462.5160006433
0	72562	174	1477.9512956568
0	72589	175	1493.3862674498
0	72667	176	1508.8080958594
0	72693	177	1524.2346017847
0	72704	178	1539.656413424
0	72730	179	1555.0978420169
0	72741	180	1570.5409081954
0	72838	181	1585.9955613997
0	72849	182	1599.6974634037
0	72875	183	1608.9767792534
0	72886	184	1616.2447925529
0	72912	185	1619.9863085427
0	72963	186	1623.4
0	72989	187	1623.4
0	73000	188	1623.4
0	73026	189	1623.4
0	73037	190	1623.4
0	73103	191	1623.4
0	73114	192	1623.4
0	73140	193	1623.4
0	73151	194	1623.4
0	73177	195	1623.4
0	73228	196	1623.7906224411
0	73254	197	1625.3612234252
0	73265	198	1630.6142082466
0	73291	199	1639.5132799319
0	73302	200	1650.5506086932
0	73368	201	1663.5064825605
0	73379	202	1678.279796783
0	73405	203	1693.6969657627
0	73416	204	1709.1315234346

